-- PAESE --
INSERT INTO Paese (Nome, Longitudine, Latitudine) VALUES
('Afghanistan', 67.709953, 33.93911),
('Albania', 20.168331, 41.153332),
('Algeria', 1.659626, 28.033886),
('Andorra', 1.52109, 42.546245),
('Angola', 17.873887, -11.202692),
('Antigua e Barbuda', -61.796428, 17.060816),
('Argentina', -63.616672, -38.416097),
('Armenia', 45.038189, 40.069099),
('Australia', 133.775136, -25.274398),
('Austria', 14.550072, 47.516231),
('Azerbaigian', 47.576927, 40.143105),
('Bahamas', -77.396279, 25.03428),
('Bahrein', 50.5577, 26.0667),
('Bangladesh', 90.356331, 23.684994),
('Barbados', -59.543198, 13.193887),
('Bielorussia', 27.953389, 53.709807),
('Belgio', 4.469936, 50.503887),
('Belize', -88.49765, 17.189877),
('Benin', 2.315834, 9.30769),
('Bhutan', 90.433601, 27.514162),
('Bolivia', -63.588653, -16.290154),
('Bosnia ed Erzegovina', 17.679076, 43.915886),
('Botswana', 24.684866, -22.328474),
('Brasile', -51.92528, -14.235004),
('Brunei', 114.727669, 4.535277),
('Bulgaria', 25.48583, 42.733883),
('Burkina Faso', -1.561593, 12.238333),
('Burundi', 29.918886, -3.373056),
('Capo Verde', -23.513327, 15.120142),
('Cambogia', 104.990963, 12.565679),
('Camerun', 12.354722, 7.369722),
('Canada', -106.346771, 56.130366),
('Repubblica Centrafricana', 20.939444, 6.611111),
('Ciad', 18.732207, 15.454166),
('Cile', -71.542969, -35.675147),
('Cina', 104.195397, 35.86166),
('Colombia', -74.297333, 4.570868),
('Comore', 43.872219, -11.875001),
('Repubblica Democratica del Congo', 21.758664, -4.038333),
('Repubblica del Congo', 15.827659, -0.228021),
('Costa Rica', -83.753428, 9.748917),
('Croazia', 15.2, 45.1),
('Cuba', -77.781167, 21.521757),
('Cipro', 33.429859, 35.126413),
('Repubblica Ceca', 15.472962, 49.817492),
('Danimarca', 9.501785, 56.26392),
('Gibuti', 42.590275, 11.825138),
('Dominica', -61.370976, 15.414999),
('Repubblica Dominicana', -70.162651, 18.735693),
('Ecuador', -78.183406, -1.831239),
('Egitto', 30.802498, 26.820553),
('El Salvador', -88.89653, 13.794185),
('Guinea Equatoriale', 10.267895, 1.650801),
('Eritrea', 39.782334, 15.179384),
('Estonia', 25.013607, 58.595272),
('Eswatini', 31.465866, -26.522503),
('Etiopia', 39.782334, 9.145),
('Figi', 179.414413, -16.578193),
('Finlandia', 25.748151, 61.92411),
('Francia', 2.213749, 46.603354),
('Gabon', 11.609444, -0.803689),
('Gambia', -15.310139, 13.443182),
('Georgia', 43.356892, 42.315407),
('Germania', 10.451526, 51.165691),
('Ghana', -1.023194, 7.946527),
('Grecia', 21.824312, 39.074208),
('Grenada', -61.604171, 12.262776),
('Guatemala', -90.230759, 15.783471),
('Guinea', -9.696645, 9.945587),
('Guinea-Bissau', -15.180413, 11.803749),
('Guyana', -58.93018, 4.860416),
('Haiti', -72.285215, 18.971187),
('Honduras', -86.241905, 15.199999),
('Ungheria', 19.503304, 47.162494),
('Islanda', -19.020835, 64.963051),
('India', 78.96288, 20.593684),
('Indonesia', 113.921327, -0.789275),
('Iran', 53.688046, 32.427908),
('Iraq', 43.679291, 33.223191),
('Irlanda', -8.24389, 53.41291),
('Israele', 34.851612, 31.046051),
('Italia', 12.56738, 41.87194),
('Giamaica', -77.297508, 18.109581),
('Giappone', 138.252924, 36.204824),
('Giordania', 36.238414, 30.585164),
('Kazakistan', 66.923684, 48.019573),
('Kenya', 37.906193, -0.023559),
('Kiribati', -168.734039, -3.370417),
('Corea del Nord', 127.510093, 40.339852),
('Corea del Sud', 127.766922, 35.907757),
('Kuwait', 47.481766, 29.31166),
('Kirghizistan', 74.766098, 41.20438),
('Laos', 102.495496, 19.85627),
('Lettonia', 24.603189, 56.879635),
('Libano', 35.862285, 33.854721),
('Lesotho', 28.233608, -29.609988),
('Liberia', -9.429499, 6.428055),
('Libia', 17.228331, 26.3351),
('Liechtenstein', 9.555373, 47.166),
('Lituania', 23.881275, 55.169438),
('Lussemburgo', 6.129583, 49.815273),
('Madagascar', 46.869107, -18.766947),
('Malawi', 34.301525, -13.254308),
('Malaysia', 101.975766, 4.210484),
('Maldive', 73.22068, 3.202778),
('Mali', -3.996166, 17.570692),
('Malta', 14.375416, 35.937496),
('Isole Marshall', 171.184478, 7.131474),
('Mauritania', -10.940835, 21.00789),
('Mauritius', 57.552152, -20.348404),
('Messico', -102.552784, 23.634501),
('Micronesia', 150.550812, 7.425554),
('Moldavia', 28.369885, 47.411631),
('Monaco', 7.412841, 43.750298),
('Mongolia', 103.846656, 46.862496),
('Montenegro', 19.37439, 42.708678),
('Marocco', -7.09262, 31.791702),
('Mozambico', 35.529562, -18.665695),
('Myanmar', 95.956223, 21.913965),
('Namibia', 18.49041, -22.95764),
('Nauru', 166.931503, -0.522778),
('Nepal', 84.124008, 28.394857),
('Paesi Bassi', 5.291266, 52.132633),
('Nuova Zelanda', 174.885971, -40.900557),
('Nicaragua', -85.207229, 12.865416),
('Niger', 8.081666, 17.607789),
('Nigeria', 8.675277, 9.081999),
('Norvegia', 8.468946, 60.472024),
('Oman', 55.923255, 21.512583),
('Pakistan', 69.345116, 30.375321),
('Palau', 134.58252, 7.51498),
('Panama', -80.782127, 8.537981),
('Papua Nuova Guinea', 143.95555, -6.314993),
('Paraguay', -58.443832, -23.442503),
('Perù', -75.015152, -9.189967),
('Filippine', 121.774017, 12.879721),
('Polonia', 19.145136, 51.919438),
('Portogallo', -8.224454, 39.399872),
('Qatar', 51.183884, 25.354826),
('Romania', 24.96676, 45.943161),
('Russia', 105.318756, 61.52401),
('Ruanda', 29.873888, -1.940278),
('Saint Kitts e Nevis', -62.782998, 17.357822),
('Saint Lucia', -60.978893, 13.909444),
('Saint Vincent e Grenadine', -61.287228, 12.984305),
('Samoa', -172.104629, -13.759029),
('San Marino', 12.457777, 43.94236),
('Sao Tomé e Príncipe', 6.613081, 0.18636),
('Arabia Saudita', 45.079162, 23.885942),
('Senegal', -14.452362, 14.497401),
('Serbia', 21.005859, 44.016521),
('Seychelles', 55.491977, -4.679574),
('Sierra Leone', -11.779889, 8.460555),
('Singapore', 103.819836, 1.352083),
('Slovacchia', 19.699024, 48.669026),
('Slovenia', 14.995463, 46.151241),
('Isole Salomone', 160.156194, -9.64571),
('Somalia', 46.199616, 5.152149),
('Sudafrica', 22.937506, -30.559482),
('Sud Sudan', 31.306978, 6.877),
('Spagna', -3.74922, 40.463667),
('Sri Lanka', 80.771797, 7.873054),
('Sudan', 30.217636, 12.862807),
('Suriname', -56.027783, 3.919305),
('Svezia', 18.643501, 60.128161),
('Svizzera', 8.227512, 46.818188),
('Siria', 38.996815, 34.802075),
('Taiwan', 120.960515, 23.69781),
('Tajikistan', 71.276093, 38.861034),
('Tanzania', 34.888822, -6.369028),
('Thailandia', 100.992541, 15.870032),
('Timor Est', 125.727539, -8.874217),
('Togo', 0.824782, 8.619543),
('Tonga', -175.198242, -21.178986),
('Trinidad e Tobago', -61.222503, 10.691803),
('Tunisia', 9.537499, 33.886917),
('Turchia', 35.243322, 38.963745),
('Turkmenistan', 59.556278, 38.969719),
('Tuvalu', 179.194, -7.109535),
('Uganda', 32.290275, 1.373333),
('Ucraina', 31.16558, 48.379433),
('Emirati Arabi Uniti', 53.847818, 23.424076),
('Regno Unito', -3.435973, 55.378051),
('USA', -95.712891, 37.09024),
('Uruguay', -55.765835, -32.522779),
('Uzbekistan', 64.585262, 41.377491),
('Vanuatu', 166.959158, -15.376706),
('Vaticano', 12.453389, 41.902916),
('Venezuela', -66.58973, 6.42375),
('Vietnam', 108.277199, 14.058324),
('Yemen', 48.516388, 15.552727),
('Zambia', 27.849332, -13.133897),
('Zimbabwe', 29.154857, -19.015438);

-- Film --
INSERT INTO Film (descrizione, durata, titolo, valutazione, premiatoP, premiatoR, premiatoA, PaeseProduzione, AnnoProduzione)
VALUES
('Un classico del cinema sulla mafia italo-americana.', 175, 'Il Padrino', 9.2, TRUE, TRUE, TRUE, 'USA', 1972),
('La vita straordinaria di Forrest Gump.', 142, 'Forrest Gump', 8.8, FALSE, TRUE, TRUE, 'USA', 1994),
('Storie bizzarre e violente che si intrecciano.', 154, 'Pulp Fiction', 8.9, TRUE, FALSE, TRUE, 'USA', 1994),
('Un epico film sulla mafia', 229, 'C\'era una volta in America', 8.4, TRUE, FALSE, TRUE, 'USA', 1984),
('Un thriller psicologico', 118, 'Il silenzio degli innocenti', 8.6, TRUE, TRUE, TRUE, 'USA', 1991),
('Una commedia drammatica italiana ambientata durante l\'olocausto', 116, 'La vita è bella', 8.6, TRUE, TRUE, TRUE, 'Italia', 1997),
('Racconta la storia di un uomo ingiustamente condannato e della sua amicizia con un altro detenuto.', 142, 'Shawshank Redemption', 9.3, TRUE, FALSE, TRUE, 'USA', 1994),
('Un film provocatorio e viscerale', 139, 'Fight Club', 8.8, TRUE, FALSE, TRUE, 'USA', 1999),
('Un film epico sull\'avventura nello spazio e nel tempo.', 169, 'Interstellar', 8.6, TRUE, FALSE, TRUE, 'USA', 2014),
('La storia di un giovane mago e delle sue avventure ad Hogwarts.', 152, 'Harry Potter e la Pietra Filosofale', 7.6, FALSE, FALSE, FALSE, 'Regno Unito', 2001),
('Una storia di speranza e amicizia in una prigione.', 142, 'Le Ali della Libertà', 9.3, FALSE, TRUE, FALSE, 'USA', 1994),
('Un poliziotto del futuro in lotta contro un criminale avanzato.', 115, 'Robocop', 7.6, TRUE, FALSE, FALSE, 'USA', 1987),
('Un giovane archeologo alla ricerca dell\'Arca Perduta.', 115, 'I predatori dell\'arca perduta', 8.4, TRUE, TRUE, TRUE, 'USA', 1981),
('La storia di un uomo che combatte contro l\'ingiustizia sociale.', 120, 'Il buono, il brutto, il cattivo', 8.8, FALSE, FALSE, FALSE, 'Italia', 1966),
('Un giovane viene addestrato per diventare un guerriero in un mondo fantastico.', 121, 'Il Signore degli Anelli: La Compagnia dell\'Anello', 8.8, TRUE, TRUE, TRUE, 'Nuova Zelanda', 2001),
('Una donna coraggiosa cerca di salvare la sua famiglia da un regime oppressivo.', 137, 'The Hunger Games', 7.2, FALSE, FALSE, FALSE, 'USA', 2012),
('Un dramma familiare che esplora le dinamiche complesse dei rapporti umani.', 120, 'American Beauty', 8.3, TRUE, TRUE, TRUE, 'USA', 1999),
('Un giovane hacker scopre la realtà virtuale in cui vive.', 136, 'The Matrix', 8.7, FALSE, TRUE, FALSE, 'USA', 1999),
('Una storia d\'amore tra un uomo povero e una donna ricca.', 194, 'Titanic', 7.8, TRUE, TRUE, TRUE, 'USA', 1997),
('Un gruppo di dinosauri clonati crea il caos in un parco a tema.', 127, 'Jurassic Park', 8.1, FALSE, TRUE, FALSE, 'USA', 1993),
('La storia di un giovane leone che deve reclamare il suo trono.', 88, 'Il Re Leone', 8.5, TRUE, TRUE, TRUE, 'USA', 1994),
('Un gruppo di criminali tenta una rapina in una banca.', 152, 'Heat - La sfida', 8.2, FALSE, FALSE, FALSE, 'USA', 1995),
('Un giovane scopre di essere l\'eletto in una battaglia tra uomini e macchine.', 144, 'Matrix Reloaded', 7.2, FALSE, FALSE, FALSE, 'USA', 2003),
('Un uomo deve proteggere la sua famiglia in un mondo post-apocalittico.', 95, 'A Quiet Place', 7.5, FALSE, FALSE, FALSE, 'USA', 2018),
('Un gruppo di amici si riunisce dopo molti anni per combattere una minaccia aliena.', 165, 'It: Capitolo Due', 6.5, FALSE, FALSE, FALSE, 'USA', 2019),
('Un gruppo di eroi deve unirsi per sconfiggere un potente nemico.', 181, 'Avengers: Endgame', 8.4, TRUE, TRUE, TRUE, 'USA', 2019),
('Un giovane viene addestrato per diventare un cavaliere Jedi.', 121, 'Star Wars: Episodio IV - Una nuova speranza', 8.6, TRUE, TRUE, TRUE, 'USA', 1977);

-- operatore --

INSERT INTO Operatore (Nome, Cognome, Popolarità, Ruolo) VALUES
('Francis Ford', 'Coppola', 5, 'R'),
('Robert', 'Zemeckis', 4, 'R'),
('Quentin', 'Tarantino', 5, 'R'),
('Sergio', 'Leone', 5, 'R'),
('Jonathan', 'Demme', 4, 'R'),
('Roberto', 'Benigni', 5, 'R'),
('Frank', 'Darabont', 4, 'R'),
('David', 'Fincher', 4, 'R'),
('Christopher', 'Nolan', 5, 'R'),
('Chris', 'Columbus', 4, 'R'),
('Paul', 'Verhoeven', 4, 'R'),
('Steven', 'Spielberg', 5, 'R'),
('Sam', 'Mendes', 4, 'R'),
('Lana', 'Wachowski', 4, 'R'),
('Lilly', 'Wachowski', 4, 'R'),
('James', 'Cameron', 5, 'R'),
('Roger', 'Allers', 4, 'R'),
('Rob', 'Minkoff', 4, 'R'),
('Michael', 'Mann', 4, 'R'),
('John', 'Krasinski', 3, 'R'),
('Andy', 'Muschietti', 3, 'R'),
('Anthony', 'Russo', 4, 'R'),
('Joe', 'Russo', 4, 'R'),
('George', 'Lucas', 5, 'R'),
('Peter', 'Jackson', 4, 'R'),
('Gary', 'Ross', 4, 'R'),
('Marlon', 'Brando', 5, 'A'),
('Tom', 'Hanks', 5, 'A'),
('John', 'Travolta', 4, 'A'),
('Robert', 'De Niro', 5, 'A'),
('Jodie', 'Foster', 5, 'A'),
('Roberto', 'Benigni', 5, 'A'),
('Tim', 'Robbins', 4, 'A'),
('Edward', 'Norton', 4, 'A'),
('Matthew', 'McConaughey', 4, 'A'),
('Daniel', 'Radcliffe', 4, 'A'),
('Morgan', 'Freeman', 5, 'A'),
('Peter', 'Weller', 3, 'A'),
('Harrison', 'Ford', 5, 'A'),
('Clint', 'Eastwood', 5, 'A'),
('Elijah', 'Wood', 4, 'A'),
('Jennifer', 'Lawrence', 4, 'A'),
('Kevin', 'Spacey', 4, 'A'),
('Leonardo', 'DiCaprio', 5, 'A'),
('Sam', 'Neill', 4, 'A'),
('Matthew', 'Broderick', 4, 'A'),
('Al', 'Pacino', 5, 'A'),
('Keanu', 'Reeves', 4, 'A'),
('John', 'Krasinski', 3, 'A'),
('Jessica', 'Chastain', 4, 'A'),
('Robert', 'Downey Jr.', 5, 'A'),
('Chris', 'Evans', 4, 'A'),
('Mark', 'Hamill', 4, 'A');

-- Regia --

INSERT INTO Regia (Film, Regista) VALUES
((SELECT ID FROM Film WHERE titolo = 'Il Padrino'), (SELECT ID FROM Operatore WHERE Nome = 'Francis Ford' AND Cognome = 'Coppola' AND Ruolo = 'R')),
((SELECT ID FROM Film WHERE titolo = 'Forrest Gump'), (SELECT ID FROM Operatore WHERE Nome = 'Robert' AND Cognome = 'Zemeckis' AND Ruolo = 'R')),
((SELECT ID FROM Film WHERE titolo = 'Pulp Fiction'), (SELECT ID FROM Operatore WHERE Nome = 'Quentin' AND Cognome = 'Tarantino' AND Ruolo = 'R')),
((SELECT ID FROM Film WHERE titolo = 'C\'era una volta in America'), (SELECT ID FROM Operatore WHERE Nome = 'Sergio' AND Cognome = 'Leone' AND Ruolo = 'R')),
((SELECT ID FROM Film WHERE titolo = 'Il silenzio degli innocenti'), (SELECT ID FROM Operatore WHERE Nome = 'Jonathan' AND Cognome = 'Demme' AND Ruolo = 'R')),
((SELECT ID FROM Film WHERE titolo = 'La vita è bella'), (SELECT ID FROM Operatore WHERE Nome = 'Roberto' AND Cognome = 'Benigni' AND Ruolo = 'R')),
((SELECT ID FROM Film WHERE titolo = 'Shawshank Redemption'), (SELECT ID FROM Operatore WHERE Nome = 'Frank' AND Cognome = 'Darabont' AND Ruolo = 'R')),
((SELECT ID FROM Film WHERE titolo = 'Fight Club'), (SELECT ID FROM Operatore WHERE Nome = 'David' AND Cognome = 'Fincher' AND Ruolo = 'R')),
((SELECT ID FROM Film WHERE titolo = 'Interstellar'), (SELECT ID FROM Operatore WHERE Nome = 'Christopher' AND Cognome = 'Nolan' AND Ruolo = 'R')),
((SELECT ID FROM Film WHERE titolo = 'Harry Potter e la Pietra Filosofale'), (SELECT ID FROM Operatore WHERE Nome = 'Chris' AND Cognome = 'Columbus' AND Ruolo = 'R')),
((SELECT ID FROM Film WHERE titolo = 'Le Ali della Libertà'), (SELECT ID FROM Operatore WHERE Nome = 'Frank' AND Cognome = 'Darabont' AND Ruolo = 'R')),
((SELECT ID FROM Film WHERE titolo = 'Robocop'), (SELECT ID FROM Operatore WHERE Nome = 'Paul' AND Cognome = 'Verhoeven' AND Ruolo = 'R')),
((SELECT ID FROM Film WHERE titolo = 'Jurassic Park'), (SELECT ID FROM Operatore WHERE Nome = 'Steven' AND Cognome = 'Spielberg' AND Ruolo = 'R')),
((SELECT ID FROM Film WHERE titolo = 'I predatori dell\'arca perduta'), (SELECT ID FROM Operatore WHERE Nome = 'Steven' AND Cognome = 'Spielberg' AND Ruolo = 'R')),
((SELECT ID FROM Film WHERE titolo = 'Il buono, il brutto, il cattivo'), (SELECT ID FROM Operatore WHERE Nome = 'Sergio' AND Cognome = 'Leone' AND Ruolo = 'R')),
((SELECT ID FROM Film WHERE titolo = 'Il Signore degli Anelli: La Compagnia dell\'Anello'), (SELECT ID FROM Operatore WHERE Nome = 'Peter' AND Cognome = 'Jackson' AND Ruolo = 'R')),
((SELECT ID FROM Film WHERE titolo = 'The Hunger Games'), (SELECT ID FROM Operatore WHERE Nome = 'Gary' AND Cognome = 'Ross' AND Ruolo = 'R')),
((SELECT ID FROM Film WHERE titolo = 'American Beauty'), (SELECT ID FROM Operatore WHERE Nome = 'Sam' AND Cognome = 'Mendes' AND Ruolo = 'R')),
((SELECT ID FROM Film WHERE titolo = 'The Matrix'), (SELECT ID FROM Operatore WHERE Nome = 'Lana' AND Cognome = 'Wachowski' AND Ruolo = 'R')),
((SELECT ID FROM Film WHERE titolo = 'The Matrix'), (SELECT ID FROM Operatore WHERE Nome = 'Lilly' AND Cognome = 'Wachowski' AND Ruolo = 'R')),
((SELECT ID FROM Film WHERE titolo = 'Matrix Reloaded'), (SELECT ID FROM Operatore WHERE Nome = 'Lana' AND Cognome = 'Wachowski' AND Ruolo = 'R')),
((SELECT ID FROM Film WHERE titolo = 'Matrix Reloaded'), (SELECT ID FROM Operatore WHERE Nome = 'Lilly' AND Cognome = 'Wachowski' AND Ruolo = 'R')),
((SELECT ID FROM Film WHERE titolo = 'Titanic'), (SELECT ID FROM Operatore WHERE Nome = 'James' AND Cognome = 'Cameron' AND Ruolo = 'R')),
((SELECT ID FROM Film WHERE titolo = 'Il Re Leone'), (SELECT ID FROM Operatore WHERE Nome = 'Roger' AND Cognome = 'Allers' AND Ruolo = 'R')),
((SELECT ID FROM Film WHERE titolo = 'Il Re Leone'), (SELECT ID FROM Operatore WHERE Nome = 'Rob' AND Cognome = 'Minkoff' AND Ruolo = 'R')),
((SELECT ID FROM Film WHERE titolo = 'Heat - La sfida'), (SELECT ID FROM Operatore WHERE Nome = 'Michael' AND Cognome = 'Mann' AND Ruolo = 'R')),
((SELECT ID FROM Film WHERE titolo = 'A Quiet Place'), (SELECT ID FROM Operatore WHERE Nome = 'John' AND Cognome = 'Krasinski' AND Ruolo = 'R')),
((SELECT ID FROM Film WHERE titolo = 'It: Capitolo Due'), (SELECT ID FROM Operatore WHERE Nome = 'Andy' AND Cognome = 'Muschietti' AND Ruolo = 'R')),
((SELECT ID FROM Film WHERE titolo = 'Avengers: Endgame'), (SELECT ID FROM Operatore WHERE Nome = 'Anthony' AND Cognome = 'Russo' AND Ruolo = 'R')),
((SELECT ID FROM Film WHERE titolo = 'Avengers: Endgame'), (SELECT ID FROM Operatore WHERE Nome = 'Joe' AND Cognome = 'Russo' AND Ruolo = 'R')),
((SELECT ID FROM Film WHERE titolo = 'Star Wars: Episodio IV - Una nuova speranza'), (SELECT ID FROM Operatore WHERE Nome = 'George' AND Cognome = 'Lucas' AND Ruolo = 'R'));

-- Interpretazione --
INSERT INTO Interpretazione (Film, Attore) VALUES
((SELECT ID FROM Film WHERE titolo = 'Il Padrino'), (SELECT ID FROM Operatore WHERE Nome = 'Marlon' AND Cognome = 'Brando' AND Ruolo = 'A')),
((SELECT ID FROM Film WHERE titolo = 'Forrest Gump'), (SELECT ID FROM Operatore WHERE Nome = 'Tom' AND Cognome = 'Hanks' AND Ruolo = 'A')),
((SELECT ID FROM Film WHERE titolo = 'Pulp Fiction'), (SELECT ID FROM Operatore WHERE Nome = 'John' AND Cognome = 'Travolta' AND Ruolo = 'A')),
((SELECT ID FROM Film WHERE titolo = 'C\'era una volta in America'), (SELECT ID FROM Operatore WHERE Nome = 'Robert' AND Cognome = 'De Niro' AND Ruolo = 'A')),
((SELECT ID FROM Film WHERE titolo = 'Il silenzio degli innocenti'), (SELECT ID FROM Operatore WHERE Nome = 'Jodie' AND Cognome = 'Foster' AND Ruolo = 'A')),
((SELECT ID FROM Film WHERE titolo = 'La vita è bella'), (SELECT ID FROM Operatore WHERE Nome = 'Roberto' AND Cognome = 'Benigni' AND Ruolo = 'A')),
((SELECT ID FROM Film WHERE titolo = 'Shawshank Redemption'), (SELECT ID FROM Operatore WHERE Nome = 'Tim' AND Cognome = 'Robbins' AND Ruolo = 'A')),
((SELECT ID FROM Film WHERE titolo = 'Fight Club'), (SELECT ID FROM Operatore WHERE Nome = 'Edward' AND Cognome = 'Norton' AND Ruolo = 'A')),
((SELECT ID FROM Film WHERE titolo = 'Interstellar'), (SELECT ID FROM Operatore WHERE Nome = 'Matthew' AND Cognome = 'McConaughey' AND Ruolo = 'A')),
((SELECT ID FROM Film WHERE titolo = 'Harry Potter e la Pietra Filosofale'), (SELECT ID FROM Operatore WHERE Nome = 'Daniel' AND Cognome = 'Radcliffe' AND Ruolo = 'A')),
((SELECT ID FROM Film WHERE titolo = 'Le Ali della Libertà'), (SELECT ID FROM Operatore WHERE Nome = 'Morgan' AND Cognome = 'Freeman' AND Ruolo = 'A')),
((SELECT ID FROM Film WHERE titolo = 'Robocop'), (SELECT ID FROM Operatore WHERE Nome = 'Peter' AND Cognome = 'Weller' AND Ruolo = 'A')),
((SELECT ID FROM Film WHERE titolo = 'I predatori dell\'arca perduta'), (SELECT ID FROM Operatore WHERE Nome = 'Harrison' AND Cognome = 'Ford' AND Ruolo = 'A')),
((SELECT ID FROM Film WHERE titolo = 'Il buono, il brutto, il cattivo'), (SELECT ID FROM Operatore WHERE Nome = 'Clint' AND Cognome = 'Eastwood' AND Ruolo = 'A')),
((SELECT ID FROM Film WHERE titolo = 'Il Signore degli Anelli: La Compagnia dell\'Anello'), (SELECT ID FROM Operatore WHERE Nome = 'Elijah' AND Cognome = 'Wood' AND Ruolo = 'A')),
((SELECT ID FROM Film WHERE titolo = 'The Hunger Games'), (SELECT ID FROM Operatore WHERE Nome = 'Jennifer' AND Cognome = 'Lawrence' AND Ruolo = 'A')),
((SELECT ID FROM Film WHERE titolo = 'American Beauty'), (SELECT ID FROM Operatore WHERE Nome = 'Kevin' AND Cognome = 'Spacey' AND Ruolo = 'A')),
((SELECT ID FROM Film WHERE titolo = 'The Matrix'), (SELECT ID FROM Operatore WHERE Nome = 'Keanu' AND Cognome = 'Reeves' AND Ruolo = 'A')),
((SELECT ID FROM Film WHERE titolo = 'Titanic'), (SELECT ID FROM Operatore WHERE Nome = 'Leonardo' AND Cognome = 'DiCaprio' AND Ruolo = 'A')),
((SELECT ID FROM Film WHERE titolo = 'Jurassic Park'), (SELECT ID FROM Operatore WHERE Nome = 'Sam' AND Cognome = 'Neill' AND Ruolo = 'A')),
((SELECT ID FROM Film WHERE titolo = 'Il Re Leone'), (SELECT ID FROM Operatore WHERE Nome = 'Matthew' AND Cognome = 'Broderick' AND Ruolo = 'A')),
((SELECT ID FROM Film WHERE titolo = 'Heat - La sfida'), (SELECT ID FROM Operatore WHERE Nome = 'Al' AND Cognome = 'Pacino' AND Ruolo = 'A')),
((SELECT ID FROM Film WHERE titolo = 'Matrix Reloaded'), (SELECT ID FROM Operatore WHERE Nome = 'Keanu' AND Cognome = 'Reeves' AND Ruolo = 'A')),
((SELECT ID FROM Film WHERE titolo = 'Avengers: Endgame'), (SELECT ID FROM Operatore WHERE Nome = 'Robert' AND Cognome = 'Downey Jr.' AND Ruolo = 'A')),
((SELECT ID FROM Film WHERE titolo = 'Star Wars: Episodio IV - Una nuova speranza'), (SELECT ID FROM Operatore WHERE Nome = 'Mark' AND Cognome = 'Hamill' AND Ruolo = 'A')),
((SELECT ID FROM Film WHERE titolo = 'A Quiet Place'), (SELECT ID FROM Operatore WHERE Nome = 'John' AND Cognome = 'Krasinski' AND Ruolo = 'A'));

-- Premio --
INSERT INTO Premio (Nome, Categoria, Peso) VALUES
('Oscar', 'R', 5),
('Oscar', 'A', 5),
('Oscar', 'F', 5),
('Golden Globe', 'R', 4),
('Golden Globe', 'A', 4),
('Golden Globe', 'F', 4),
('Cannes', 'R', 4),
('Cannes', 'A', 4),
('Cannes', 'F', 4),
('BAFTA', 'R', 3),
('BAFTA', 'A', 3),
('BAFTA', 'F', 3),
('Sundance', 'R', 2),
('Sundance', 'A', 2),
('Sundance', 'F', 2),
('Emmy', 'R', 3),
('Emmy', 'A', 3),
('Emmy', 'F', 3),
('Venice', 'R', 4),
('Venice', 'A', 4),
('Venice', 'F', 4),
('Berlin', 'R', 3),
('Berlin', 'A', 3),
('Berlin', 'F', 3);

-- PremiazioneR --
INSERT INTO PremiazioneR VALUES
('Oscar', 'R', 1, '2024-03-01'),
('Golden Globe', 'R', 1, '2024-01-12'),
('Cannes', 'R', 1, '2024-05-15'),
('BAFTA', 'R', 1, '2024-02-10'),
('Sundance', 'R', 1, '2024-01-25'),
('Emmy', 'R', 1, '2024-09-22'),
('Venice', 'R', 1, '2024-09-05'),
('Golden Globe', 'R', 2, '2024-01-12'),
('Cannes', 'R', 2, '2024-05-15'),
('Sundance', 'R', 2, '2024-01-25'),
('Emmy', 'R', 2, '2024-09-22'),
('Berlin', 'R', 2, '2024-02-20'),
('Oscar', 'R', 3, '2024-03-01'),
('Golden Globe', 'R', 3, '2024-01-12'),
('BAFTA', 'R', 3, '2024-02-10'),
('Venice', 'R', 3, '2024-09-05'),
('Berlin', 'R', 3, '2024-02-20'),
('Golden Globe', 'R', 4, '2024-01-12'),
('Sundance', 'R', 4, '2024-01-25'),
('Venice', 'R', 4, '2024-09-05'),
('Berlin', 'R', 4, '2024-02-20'),
('Cannes', 'R', 5, '2024-05-15'),
('BAFTA', 'R', 5, '2024-02-10'),
('Sundance', 'R', 5, '2024-01-25'),
('Emmy', 'R', 5, '2024-09-22'),
('Venice', 'R', 5, '2024-09-05'),
('Oscar', 'R', 6, '2024-03-01'),
('Golden Globe', 'R', 6, '2024-01-12'),
('Cannes', 'R', 6, '2024-05-15'),
('BAFTA', 'R', 6, '2024-02-10'),
('Sundance', 'R', 6, '2024-01-25'),
('Emmy', 'R', 6, '2024-09-22'),
('Venice', 'R', 6, '2024-09-05'),
('Berlin', 'R', 6, '2024-02-20'),
('Oscar', 'R', 8, '2024-03-01'),
('Berlin', 'R', 8, '2024-02-20'),
('Oscar', 'R', 9, '2024-03-01'),
('Golden Globe', 'R', 9, '2024-01-12'),
('Cannes', 'R', 9, '2024-05-15'),
('BAFTA', 'R', 9, '2024-02-10'),
('Sundance', 'R', 9, '2024-01-25'),
('Emmy', 'R', 9, '2024-09-22'),
('Venice', 'R', 9, '2024-09-05'),
('Berlin', 'R', 9, '2024-02-20'),
('Oscar', 'R', 10, '2024-03-01'),
('Sundance', 'R', 11, '2024-01-25'),
('Emmy', 'R', 11, '2024-09-22'),
('Berlin', 'R', 11, '2024-02-20'),
('Oscar', 'R', 12, '2024-03-01'),
('Golden Globe', 'R', 12, '2024-01-12'),
('Cannes', 'R', 12, '2024-05-15'),
('Golden Globe', 'R', 13, '2024-01-12'),
('Cannes', 'R', 13, '2024-05-15'),
('BAFTA', 'R', 13, '2024-02-10'),
('Sundance', 'R', 13, '2024-01-25'),
('Oscar', 'R', 14, '2024-03-01'),
('Golden Globe', 'R', 14, '2024-01-12'),
('Cannes', 'R', 14, '2024-05-15'),
('BAFTA', 'R', 14, '2024-02-10'),
('Sundance', 'R', 14, '2024-01-25'),
('Emmy', 'R', 14, '2024-09-22'),
('Venice', 'R', 14, '2024-09-05'),
('Berlin', 'R', 14, '2024-02-20'),
('Oscar', 'R', 15, '2024-03-01'),
('Golden Globe', 'R', 15, '2024-01-12'),
('Cannes', 'R', 15, '2024-05-15'),
('BAFTA', 'R', 15, '2024-02-10'),
('Sundance', 'R', 15, '2024-01-25'),
('Emmy', 'R', 15, '2024-09-22'),
('Venice', 'R', 15, '2024-09-05'),
('Berlin', 'R', 15, '2024-02-20'),
('Oscar', 'R', 17, '2024-03-01'),
('Golden Globe', 'R', 17, '2024-01-12'),
('Oscar', 'R', 18, '2024-03-01'),
('Golden Globe', 'R', 18, '2024-01-12'),
('Oscar', 'R', 19, '2024-03-01'),
('Golden Globe', 'R', 19, '2024-01-12'),
('Cannes', 'R', 19, '2024-05-15'),
('BAFTA', 'R', 19, '2024-02-10'),
('Emmy', 'R', 20, '2024-09-22'),
('Venice', 'R', 20, '2024-09-05'),
('Berlin', 'R', 20, '2024-02-20'),
('Venice', 'R', 21, '2024-09-05'),
('Berlin', 'R', 21, '2024-02-20'),
('Oscar', 'R', 22, '2024-03-01'),
('Golden Globe', 'R', 22, '2024-01-12'),
('Berlin', 'R', 22, '2024-02-20'),
('Oscar', 'R', 23, '2024-03-01'),
('Golden Globe', 'R', 23, '2024-01-12'),
('Venice', 'R', 23, '2024-09-05'),
('Berlin', 'R', 23, '2024-02-20'),
('Oscar', 'R', 24, '2024-03-01'),
('Golden Globe', 'R', 24, '2024-01-12'),
('Venice', 'R', 24, '2024-09-05'),
('Berlin', 'R', 24, '2024-02-20'),
('Oscar', 'R', 25, '2024-03-01'),
('Venice', 'R', 25, '2024-09-05'),
('Berlin', 'R', 25, '2024-02-20'),
('Oscar', 'R', 26, '2024-03-01'),
('Golden Globe', 'R', 26, '2024-01-12'),
('Venice', 'R', 26, '2024-09-05'),
('Berlin', 'R', 26, '2024-02-20');

-- PremiazioneA --
INSERT INTO PremiazioneA VALUES
('Oscar', 'A', 27, '2024-03-01'),
('Golden Globe', 'A', 27, '2024-01-12'),
('Cannes', 'A', 28, '2024-05-15'),
('BAFTA', 'A', 28, '2024-02-10'),
('Sundance', 'A', 28, '2024-01-25'),
('Emmy', 'A', 30, '2024-09-22'),
('Venice', 'A', 30, '2024-09-05'),
('Golden Globe', 'A', 31, '2024-01-12'),
('Cannes', 'A', 32, '2024-05-15'),
('Sundance', 'A', 32, '2024-01-25'),
('Emmy', 'A', 32, '2024-09-22'),
('Berlin', 'A', 32, '2024-02-20'),
('Oscar', 'A', 33, '2024-03-01'),
('Golden Globe', 'A', 34, '2024-01-12'),
('BAFTA', 'A', 34, '2024-02-10'),
('Venice', 'A', 34, '2024-09-05'),
('Berlin', 'A', 36, '2024-02-20'),
('Golden Globe', 'A', 37, '2024-01-12'),
('Sundance', 'A', 38, '2024-01-25'),
('Venice', 'A', 40, '2024-09-05'),
('Berlin', 'A', 41, '2024-02-20'),
('Cannes', 'A', 41, '2024-05-15'),
('BAFTA', 'A', 41, '2024-02-10'),
('Sundance', 'A', 41, '2024-01-25'),
('Emmy', 'A', 43, '2024-09-22'),
('Venice', 'A', 43, '2024-09-05'),
('Oscar', 'A', 43, '2024-03-01'),
('Golden Globe', 'A', 45, '2024-01-12'),
('Cannes', 'A', 45, '2024-05-15'),
('BAFTA', 'A', 46, '2024-02-10'),
('Sundance', 'A', 46, '2024-01-25'),
('Emmy', 'A', 46, '2024-09-22'),
('Venice', 'A', 46, '2024-09-05'),
('Berlin', 'A', 46, '2024-02-20'),
('Oscar', 'A', 48, '2024-03-01'),
('Berlin', 'A',48, '2024-02-20'),
('Oscar', 'A', 49, '2024-03-01'),
('Golden Globe', 'A', 49, '2024-01-12'),
('Cannes', 'A', 49, '2024-05-15'),
('BAFTA', 'A', 49, '2024-02-10'),
('Sundance', 'A', 49, '2024-01-25'),
('Emmy', 'A', 49, '2024-09-22'),
('Venice', 'A', 49, '2024-09-05'),
('Berlin', 'A', 49, '2024-02-20'),
('Oscar', 'A', 50, '2024-03-01'),
('Sundance', 'A', 51, '2024-01-25'),
('Emmy', 'A', 51, '2024-09-22'),
('Berlin', 'A', 51, '2024-02-20'),
('Oscar', 'A', 52, '2024-03-01'),
('Golden Globe', 'A', 52, '2024-01-12'),
('Cannes', 'A', 52, '2024-05-15'),
('Golden Globe', 'A', 53, '2024-01-12'),
('Cannes', 'A', 53, '2024-05-15'),
('BAFTA', 'A', 53, '2024-02-10'),
('Sundance', 'A', 53, '2024-01-25'),
('Oscar', 'A', 53, '2024-03-01');

-- PremiazioneF --
INSERT INTO PremiazioneF VALUES
('Oscar', 'F', 1, '2024-03-01'),
('Golden Globe', 'F', 1, '2024-01-12'),
('Cannes', 'F', 1, '2024-05-15'),
('BAFTA', 'F', 1, '2024-02-10'),
('Sundance', 'F', 1, '2024-01-25'),
('Emmy', 'F', 1, '2024-09-22'),
('Venice', 'F', 1, '2024-09-05'),
('Golden Globe', 'F', 2, '2024-01-12'),
('Cannes', 'F', 2, '2024-05-15'),
('Sundance', 'F', 2, '2024-01-25'),
('Emmy', 'F', 2, '2024-09-22'),
('Berlin', 'F', 2, '2024-02-20'),
('Oscar', 'F', 3, '2024-03-01'),
('Golden Globe', 'F', 3, '2024-01-12'),
('BAFTA', 'F', 3, '2024-02-10'),
('Venice', 'F', 3, '2024-09-05'),
('Berlin', 'F', 3, '2024-02-20'),
('Golden Globe', 'F', 4, '2024-01-12'),
('Sundance', 'F', 4, '2024-01-25'),
('Venice', 'F', 4, '2024-09-05'),
('Berlin', 'F', 4, '2024-02-20'),
('Cannes', 'F', 5, '2024-05-15'),
('BAFTA', 'F', 5, '2024-02-10'),
('Sundance', 'F', 5, '2024-01-25'),
('Emmy', 'F', 5, '2024-09-22'),
('Venice', 'F', 5, '2024-09-05'),
('Oscar', 'F', 6, '2024-03-01'),
('Golden Globe', 'F', 6, '2024-01-12'),
('Cannes', 'F', 6, '2024-05-15'),
('BAFTA', 'F', 6, '2024-02-10'),
('Sundance', 'F', 6, '2024-01-25'),
('Emmy', 'F', 6, '2024-09-22'),
('Venice', 'F', 6, '2024-09-05'),
('Berlin', 'F', 6, '2024-02-20'),
('Oscar', 'F', 8, '2024-03-01'),
('Berlin', 'F', 8, '2024-02-20'),
('Oscar', 'F', 9, '2024-03-01'),
('Golden Globe', 'F', 9, '2024-01-12'),
('Cannes', 'F', 9, '2024-05-15'),
('BAFTA', 'F', 9, '2024-02-10'),
('Sundance', 'F', 9, '2024-01-25'),
('Emmy', 'F', 9, '2024-09-22'),
('Venice', 'F', 9, '2024-09-05'),
('Berlin', 'F', 9, '2024-02-20'),
('Oscar', 'F', 10, '2024-03-01'),
('Sundance', 'F', 11, '2024-01-25'),
('Emmy', 'F', 11, '2024-09-22'),
('Berlin', 'F', 11, '2024-02-20'),
('Oscar', 'F', 12, '2024-03-01'),
('Golden Globe', 'F', 12, '2024-01-12'),
('Cannes', 'F', 12, '2024-05-15'),
('Golden Globe', 'F', 13, '2024-01-12'),
('Cannes', 'F', 13, '2024-05-15'),
('BAFTA', 'F', 13, '2024-02-10'),
('Sundance', 'F', 13, '2024-01-25'),
('Oscar', 'F', 14, '2024-03-01'),
('Golden Globe', 'F', 14, '2024-01-12'),
('Cannes', 'F', 14, '2024-05-15'),
('BAFTA', 'F', 14, '2024-02-10'),
('Sundance', 'F', 14, '2024-01-25'),
('Emmy', 'F', 14, '2024-09-22'),
('Venice', 'F', 14, '2024-09-05'),
('Berlin', 'F', 14, '2024-02-20'),
('Oscar', 'F', 15, '2024-03-01'),
('Golden Globe', 'F', 15, '2024-01-12'),
('Cannes', 'F', 15, '2024-05-15'),
('BAFTA', 'F', 15, '2024-02-10'),
('Sundance', 'F', 15, '2024-01-25'),
('Emmy', 'F', 15, '2024-09-22'),
('Venice', 'F', 15, '2024-09-05'),
('Berlin', 'F', 15, '2024-02-20'),
('Oscar', 'F', 17, '2024-03-01'),
('Golden Globe', 'F', 17, '2024-01-12'),
('Oscar', 'F', 18, '2024-03-01'),
('Golden Globe', 'F', 18, '2024-01-12'),
('Oscar', 'F', 19, '2024-03-01'),
('Golden Globe', 'F', 19, '2024-01-12'),
('Cannes', 'F', 19, '2024-05-15'),
('BAFTA', 'F', 19, '2024-02-10'),
('Emmy', 'F', 20, '2024-09-22'),
('Venice', 'F', 20, '2024-09-05'),
('Berlin', 'F', 20, '2024-02-20'),
('Venice', 'F', 21, '2024-09-05'),
('Berlin', 'F', 21, '2024-02-20'),
('Oscar', 'F', 22, '2024-03-01'),
('Golden Globe', 'F', 22, '2024-01-12'),
('Berlin', 'F', 22, '2024-02-20'),
('Oscar', 'F', 23, '2024-03-01'),
('Golden Globe', 'F', 23, '2024-01-12'),
('Venice', 'F', 23, '2024-09-05'),
('Berlin', 'F', 23, '2024-02-20'),
('Oscar', 'F', 24, '2024-03-01'),
('Golden Globe', 'F', 24, '2024-01-12'),
('Venice', 'F', 24, '2024-09-05'),
('Berlin', 'F', 24, '2024-02-20'),
('Oscar', 'F', 25, '2024-03-01'),
('Venice', 'F', 25, '2024-09-05'),
('Berlin', 'F', 25, '2024-02-20'),
('Oscar', 'F', 26, '2024-03-01'),
('Golden Globe', 'F', 26, '2024-01-12'),
('Venice', 'F', 26, '2024-09-05'),
('Berlin', 'F', 26, '2024-02-20');

-- Critico --
INSERT INTO Critico (Nome, Cognome) VALUES
('Mario', 'Rossi'),
('Federico', 'Bianchi'),
('Paolo', 'Verdi'),
('Viola', 'Rosa'),
('Matteo', 'Marrone'),
('Luca', 'Neri'),
('Sara', 'Verdi'),
('Valentino', 'Gialli'),
('Mattia', 'Blu'),
('Gianni', 'Celeste');

-- Recensione C --
INSERT INTO RecensioneC (Film, Critico, Voto, Testo) VALUES
(1, 1, 8.7, 'Un film fantastico con una trama avvincente.'),
(2, 2, 9.3, 'Un capolavoro assoluto, merita tutti gli applausi.'),
(3, 3, 7.4, 'Una storia commovente, ma con qualche piccolo difetto.'),
(4, 4, 8.4, 'Un film ben realizzato, con ottime performance degli attori.'),
(5, 5, 6.0, 'Una delusione totale, non all\'altezza delle aspettative.'),
(6, 6, 8.1, 'Un\'opera d\'arte visiva, ma la trama poteva essere più approfondita.'),
(7, 7, 6.8, 'Una storia interessante, ma con alcune incongruenze.'),
(8, 8, 9.7, 'Assolutamente straordinario, da vedere assolutamente.'),
(9, 9, 5.5, 'Una delusione, non raccomanderei questo film a nessuno.'),
(10, 10, 7.5, 'Un film divertente, ma manca di profondità.'),
(12, 1, 8.7, 'Un film fantastico con una trama avvincente.'),
(15, 2, 9.3, 'Un capolavoro assoluto, merita tutti gli applausi.'),
(23, 3, 7.4, 'Una storia commovente, ma con qualche piccolo difetto.'),
(11, 4, 8.4, 'Un film ben realizzato, con ottime performance degli attori.'),
(1, 5, 6.0, 'Una delusione totale, non all\'altezza delle aspettative.'),
(5, 6, 8.1, 'Un\'opera d\'arte visiva, ma la trama poteva essere più approfondita.'),
(21, 7, 6.8, 'Una storia interessante, ma con alcune incongruenze.'),
(22, 8, 9.7, 'Assolutamente straordinario, da vedere assolutamente.'),
(26, 9, 5.5, 'Una delusione, non raccomanderei questo film a nessuno.'),
(27, 10, 7.5, 'Un film divertente, ma manca di profondità.');

-- Lingua --
INSERT INTO Lingua VALUES
('Inglese', 'S'),
('Spagnolo', 'S'),
('Cinese', 'S'),
('Arabo', 'S'),
('Portoghese', 'S'),
('Russo', 'S'),
('Giapponese', 'S'),
('Tedesco', 'S'),
('Francese', 'S'),
('Italiano', 'S'),
('Turco', 'S'),
('Ceco', 'S'),
('Svedese', 'S'),
('Norvegese', 'S'),
('Coreano', 'S'),
('Polacco', 'S'),
('Inglese', 'D'),
('Spagnolo', 'D'),
('Cinese', 'D'),
('Arabo', 'D'),
('Portoghese', 'D'),
('Russo', 'D'),
('Giapponese', 'D'),
('Tedesco', 'D'),
('Francese', 'D'),
('Italiano', 'D'),
('Turco', 'D'),
('Ceco', 'D'),
('Svedese', 'D'),
('Norvegese', 'D'),
('Coreano', 'D'),
('Polacco', 'D');

-- Linguaggio --
INSERT INTO Linguaggio (Film, NomeLingua, TipologiaLingua) VALUES
(1, 'inglese', 'D'),
(1, 'spagnolo', 'S'),
(2, 'cinese', 'D'),
(2, 'arabo', 'S'),
(3, 'portoghese', 'D'),
(3, 'russo', 'S'),
(4, 'giapponese', 'D'),
(4, 'tedesco', 'S'),
(5, 'francese', 'D'),
(5, 'italiano', 'S'),
(6, 'turco', 'D'),
(6, 'ceco', 'S'),
(7, 'svedese', 'D'),
(7, 'norvegese', 'S'),
(8, 'coreano', 'D'),
(8, 'polacco', 'S'),
(9, 'inglese', 'S'),
(9, 'spagnolo', 'D'),
(10, 'cinese', 'S'),
(10, 'arabo', 'D'),
(11, 'portoghese', 'S'),
(11, 'russo', 'D'),
(12, 'giapponese', 'S'),
(12, 'tedesco', 'D'),
(13, 'francese', 'S'),
(13, 'italiano', 'D'),
(14, 'turco', 'S'),
(14, 'ceco', 'D'),
(15, 'svedese', 'S'),
(15, 'norvegese', 'D'),
(16, 'coreano', 'S'),
(16, 'polacco', 'D'),
(17, 'inglese', 'S'),
(17, 'spagnolo', 'D'),
(18, 'cinese', 'S'),
(18, 'arabo', 'D'),
(19, 'portoghese', 'S'),
(19, 'russo', 'D'),
(20, 'giapponese', 'S'),
(20, 'tedesco', 'D'),
(21, 'francese', 'S'),
(21, 'italiano', 'D'),
(22, 'turco', 'S'),
(22, 'ceco', 'D'),
(23, 'svedese', 'S'),
(23, 'norvegese', 'D'),
(24, 'coreano', 'S'),
(24, 'polacco', 'D'),
(25, 'inglese', 'S'),
(25, 'spagnolo', 'D'),
(26, 'cinese', 'S'),
(26, 'arabo', 'D'),
(27, 'portoghese', 'S'),
(27, 'russo', 'D');

-- Genere --
INSERT INTO Genere (Descrizione) VALUES 
('Action'),
('Avventura'),
('Animazione'),
('Commedia'),
('Crime'),
('Documentario'),
('Drammatico'),
('Family'),
('Fantasy'),
('Noir'),
('Horror'),
('Musical'),
('Psicologico'),
('Romantico'),
('Fantascienza'),
('Thriller'),
('Guerra'),
('Giallo'),
('Western');

INSERT INTO Tipologia (Film, Genere) VALUES
(1, 1),
(1, 2),
(2, 3),
(2, 4),
(3, 5),
(3, 6),
(4, 7),
(4, 8),
(5, 9),
(5, 10),
(6, 11),
(6, 12),
(7, 13),
(7, 14),
(8, 15),
(8, 16),
(9, 17),
(9, 18),
(10, 19),
(10, 1),
(11, 2),
(11, 3),
(12, 4),
(12, 5),
(13, 6),
(13, 7),
(14, 8),
(14, 9),
(15, 10),
(15, 11),
(16, 12),
(16, 13),
(17, 14),
(17, 15),
(18, 16),
(18, 17),
(19, 18),
(19, 19),
(20, 1),
(20, 2),
(21, 3),
(21, 4),
(22, 5),
(22, 6),
(23, 7),
(23, 8),
(24, 9),
(24, 10),
(25, 11),
(25, 12),
(26, 13),
(26, 14),
(27, 15),
(27, 16);

-- Abbonamento --
INSERT INTO Abbonamento (Tipo, Tariffa, Durata, MaxOre, MaxGB, EtaMin) VALUES 
('Basic', 10, 365, 120, 10, FALSE),
('Premium', 15, 365, 160, 25, FALSE),
('Pro', 20, 365, 200, 35, TRUE),
('Deluxe', 60, 730, NULL, 50, TRUE),
('Ultimate', 80, 730, NULL, NULL, TRUE);

-- Utente --
INSERT INTO Utente (Nome, Cognome, Email, Password_, DataNascita, SottoscrizioneAbbonamento, DataInizioAbb) VALUES
('Mario', 'Rossi', 'mario.rossi@example.com', 'password123', '1980-05-15', 'Premium', '2023-01-01'),
('Luigi', 'Verdi', 'luigi.verdi@example.com', 'password456', '1990-06-20', 'Basic', '2022-06-15'),
('Anna', 'Bianchi', 'anna.bianchi@example.com', 'password789', '1985-09-10', 'Pro', '2023-02-01'),
('Giulia', 'Neri', 'giulia.neri@example.com', 'password101', '1995-03-25', 'Deluxe', '2023-03-01'),
('Paolo', 'Gialli', 'paolo.gialli@example.com', 'password112', '1988-12-30', 'Ultimate', '2023-04-01'),
('Chiara', 'Blu', 'chiara.blu@example.com', 'password131', '1992-07-17', NULL, NULL),
('Francesco', 'Viola', 'francesco.viola@example.com', 'password142', '1982-08-05', 'Premium', '2022-05-10'),
('Sara', 'Rosa', 'sara.rosa@example.com', 'password153', '1975-11-11', 'Basic', '2023-01-15'),
('Marco', 'Lilla', 'marco.lilla@example.com', 'password164', '1999-02-18', 'Pro', '2023-02-20'),
('Lucia', 'Marrone', 'lucia.marrone@example.com', 'password175', '1986-04-22', 'Deluxe', '2023-04-05'),
('Simone', 'Grigio', 'simone.grigio@example.com', 'password186', '1994-05-09', 'Ultimate', '2023-05-10'),
('Elena', 'Azzurro', 'elena.azzurro@example.com', 'password197', '1987-03-03', NULL, NULL),
('Fabio', 'Oro', 'fabio.oro@example.com', 'password208', '1996-12-12', 'Premium', '2023-01-20'),
('Laura', 'Argento', 'laura.argento@example.com', 'password219', '1991-01-23', 'Basic', '2023-02-15'),
('Alessandro', 'Turchese', 'alessandro.turchese@example.com', 'password230', '1979-06-07', 'Pro', '2023-03-25'),
('Valentina', 'Ametista', 'valentina.ametista@example.com', 'password241', '1983-09-15', 'Deluxe', '2023-04-15'),
('Matteo', 'Rubino', 'matteo.rubino@example.com', 'password252', '1989-07-24', 'Ultimate', '2023-05-25'),
('Giovanni', 'Bianco', 'giovanni.bianco@example.com', 'password301', '1991-11-11', 'Basic', '2023-01-10'),
('Federica', 'Verde', 'federica.verde@example.com', 'password312', '1984-04-15', 'Premium', '2023-02-10'),
('Alberto', 'Nero', 'alberto.nero@example.com', 'password323', '1992-05-21', 'Pro', '2023-03-15'),
('Marina', 'Rossa', 'marina.rossa@example.com', 'password334', '1990-07-18', 'Deluxe', '2023-04-20'),
('Stefano', 'Arancione', 'stefano.arancione@example.com', 'password345', '1986-03-30', 'Ultimate', '2023-05-22'),
('Francesca', 'Blu', 'francesca.blu@example.com', 'password356', '1994-06-11', NULL, NULL),
('Lorenzo', 'Giallo', 'lorenzo.giallo@example.com', 'password367', '1989-08-25', 'Premium', '2022-09-15'),
('Marta', 'Viola', 'marta.viola@example.com', 'password378', '1995-12-02', 'Basic', '2023-01-25'),
('Davide', 'Fucsia', 'davide.fucsia@example.com', 'password389', '1987-10-05', 'Pro', '2023-02-28'),
('Chiara', 'Grigio', 'chiara.grigio@example.com', 'password390', '1991-01-09', 'Deluxe', '2023-03-30'),
('Matteo', 'Azzurro', 'matteo.azzurro@example.com', 'password401', '1988-04-01', 'Ultimate', '2023-05-01'),
('Sofia', 'Turchese', 'sofia.turchese@example.com', 'password412', '1996-09-17', NULL, NULL),
('Emanuele', 'Oro', 'emanuele.oro@example.com', 'password423', '1985-11-27', 'Premium', '2023-01-20'),
('Lucia', 'Argento', 'lucia.argento@example.com', 'password434', '1983-02-19', 'Basic', '2023-02-15'),
('Carlo', 'Marrone', 'carlo.marrone@example.com', 'password445', '1997-06-23', 'Pro', '2023-03-25'),
('Alessandra', 'Rubino', 'alessandra.rubino@example.com', 'password456', '1981-08-14', 'Deluxe', '2023-04-25'),
('Filippo', 'Smeraldo', 'filippo.smeraldo@example.com', 'password467', '1993-05-12', 'Ultimate', '2023-05-26'),
('Vittoria', 'Ametista', 'vittoria.ametista@example.com', 'password478', '1994-12-24', 'Premium', '2023-06-10'),
('Nicola', 'Perla', 'nicola.perla@example.com', 'password489', '1982-07-19', 'Basic', '2023-07-05'),
('Barbara', 'Corallo', 'barbara.corallo@example.com', 'password490', '1980-10-21', 'Pro', '2023-08-15'),
('Roberto', 'Zaffiro', 'roberto.zaffiro@example.com', 'password501', '1987-11-14', 'Deluxe', '2023-09-20'),
('Serena', 'Ambra', 'serena.ambra@example.com', 'password512', '1989-12-31', 'Ultimate', '2024-01-02');

INSERT INTO IPPaese (IP, Paese) VALUES
('192.168.0.1', 'Afghanistan'),
('192.168.0.2', 'Albania'),
('192.168.0.3', 'Algeria'),
('192.168.0.4', 'Andorra'),
('192.168.0.5', 'Angola'),
('192.168.0.6', 'Antigua e Barbuda'),
('192.168.0.7', 'Argentina'),
('192.168.0.8', 'Armenia'),
('192.168.0.9', 'Australia'),
('192.168.0.10', 'Austria'),
('192.168.0.11', 'Azerbaigian'),
('192.168.0.12', 'Bahamas'),
('192.168.0.13', 'Bahrein'),
('192.168.0.14', 'Bangladesh'),
('192.168.0.15', 'Barbados'),
('192.168.0.16', 'Bielorussia'),
('192.168.0.17', 'Belgio'),
('192.168.0.18', 'Belize'),
('192.168.0.19', 'Benin'),
('192.168.0.20', 'Bhutan'),
('192.168.0.21', 'Bolivia'),
('192.168.0.22', 'Bosnia ed Erzegovina'),
('192.168.0.23', 'Botswana'),
('192.168.0.24', 'Brasile'),
('192.168.0.25', 'Brunei'),
('192.168.0.26', 'Bulgaria'),
('192.168.0.27', 'Burkina Faso'),
('192.168.0.28', 'Burundi'),
('192.168.0.29', 'Capo Verde'),
('192.168.0.30', 'Cambogia'),
('192.168.0.31', 'Camerun'),
('192.168.0.32', 'Canada'),
('192.168.0.33', 'Repubblica Centrafricana'),
('192.168.0.34', 'Ciad'),
('192.168.0.35', 'Cile'),
('192.168.0.36', 'Cina'),
('192.168.0.37', 'Colombia'),
('192.168.0.38', 'Comore'),
('192.168.0.39', 'Repubblica Democratica del Congo'),
('192.168.0.40', 'Repubblica del Congo'),
('192.168.0.41', 'Costa Rica'),
('192.168.0.42', 'Croazia'),
('192.168.0.43', 'Cuba'),
('192.168.0.44', 'Cipro'),
('192.168.0.45', 'Repubblica Ceca'),
('192.168.0.46', 'Danimarca'),
('192.168.0.47', 'Gibuti'),
('192.168.0.48', 'Dominica'),
('192.168.0.49', 'Repubblica Dominicana'),
('192.168.0.50', 'Ecuador'),
('192.168.0.51', 'Egitto'),
('192.168.0.52', 'El Salvador'),
('192.168.0.53', 'Guinea Equatoriale'),
('192.168.0.54', 'Eritrea'),
('192.168.0.55', 'Estonia'),
('192.168.0.56', 'Eswatini'),
('192.168.0.57', 'Etiopia'),
('192.168.0.58', 'Figi'),
('192.168.0.59', 'Finlandia'),
('192.168.0.60', 'Francia'),
('192.168.0.61', 'Gabon'),
('192.168.0.62', 'Gambia'),
('192.168.0.63', 'Georgia'),
('192.168.0.64', 'Germania'),
('192.168.0.65', 'Ghana'),
('192.168.0.66', 'Grecia'),
('192.168.0.67', 'Grenada'),
('192.168.0.68', 'Guatemala'),
('192.168.0.69', 'Guinea'),
('192.168.0.70', 'Guinea-Bissau'),
('192.168.0.71', 'Guyana'),
('192.168.0.72', 'Haiti'),
('192.168.0.73', 'Honduras'),
('192.168.0.74', 'Ungheria'),
('192.168.0.75', 'Islanda'),
('192.168.0.76', 'India'),
('192.168.0.77', 'Indonesia'),
('192.168.0.78', 'Iran'),
('192.168.0.79', 'Iraq'),
('192.168.0.80', 'Irlanda'),
('192.168.0.81', 'Israele'),
('192.168.0.82', 'Italia'),
('192.168.0.83', 'Giamaica'),
('192.168.0.84', 'Giappone'),
('192.168.0.85', 'Giordania'),
('192.168.0.86', 'Kazakistan'),
('192.168.0.87', 'Kenya'),
('192.168.0.88', 'Kiribati'),
('192.168.0.89', 'Corea del Nord'),
('192.168.0.90', 'Corea del Sud'),
('192.168.0.91', 'Kuwait'),
('192.168.0.92', 'Kirghizistan'),
('192.168.0.93', 'Laos'),
('192.168.0.94', 'Lettonia'),
('192.168.0.95', 'Libano'),
('192.168.0.96', 'Lesotho'),
('192.168.0.97', 'Liberia'),
('192.168.0.98', 'Libia'),
('192.168.0.99', 'Liechtenstein'),
('192.168.0.100', 'Lituania'),
('192.168.0.101', 'Lussemburgo'),
('192.168.0.102', 'Madagascar'),
('192.168.0.103', 'Malawi'),
('192.168.0.104', 'Malaysia'),
('192.168.0.105', 'Maldive'),
('192.168.0.106', 'Mali'),
('192.168.0.107', 'Malta'),
('192.168.0.108', 'Isole Marshall'),
('192.168.0.109', 'Mauritania'),
('192.168.0.110', 'Mauritius'),
('192.168.0.111', 'Messico'),
('192.168.0.112', 'Micronesia'),
('192.168.0.113', 'Moldavia'),
('192.168.0.114', 'Monaco'),
('192.168.0.115', 'Mongolia'),
('192.168.0.116', 'Montenegro'),
('192.168.0.117', 'Marocco'),
('192.168.0.118', 'Mozambico'),
('192.168.0.119', 'Myanmar'),
('192.168.0.120', 'Namibia'),
('192.168.0.121', 'Nauru'),
('192.168.0.122', 'Nepal'),
('192.168.0.123', 'Paesi Bassi'),
('192.168.0.124', 'Nuova Zelanda'),
('192.168.0.125', 'Nicaragua'),
('192.168.0.126', 'Niger'),
('192.168.0.127', 'Nigeria'),
('192.168.0.128', 'Norvegia'),
('192.168.0.129', 'Oman'),
('192.168.0.130', 'Pakistan'),
('192.168.0.131', 'Palau'),
('192.168.0.132', 'Panama'),
('192.168.0.133', 'Papua Nuova Guinea'),
('192.168.0.134', 'Paraguay'),
('192.168.0.135', 'Perù'),
('192.168.0.136', 'Filippine'),
('192.168.0.137', 'Polonia'),
('192.168.0.138', 'Portogallo'),
('192.168.0.139', 'Qatar'),
('192.168.0.140', 'Romania'),
('192.168.0.141', 'Russia'),
('192.168.0.142', 'Ruanda'),
('192.168.0.143', 'Saint Kitts e Nevis'),
('192.168.0.144', 'Saint Lucia'),
('192.168.0.145', 'Saint Vincent e Grenadine'),
('192.168.0.146', 'Samoa'),
('192.168.0.147', 'San Marino'),
('192.168.0.148', 'Sao Tomé e Príncipe'),
('192.168.0.149', 'Arabia Saudita'),
('192.168.0.150', 'Senegal'),
('192.168.0.151', 'Serbia'),
('192.168.0.152', 'Seychelles'),
('192.168.0.153', 'Sierra Leone'),
('192.168.0.154', 'Singapore'),
('192.168.0.155', 'Slovacchia'),
('192.168.0.156', 'Slovenia'),
('192.168.0.157', 'Isole Salomone'),
('192.168.0.158', 'Somalia'),
('192.168.0.159', 'Sudafrica'),
('192.168.0.160', 'Sud Sudan'),
('192.168.0.161', 'Spagna'),
('192.168.0.162', 'Sri Lanka'),
('192.168.0.163', 'Sudan'),
('192.168.0.164', 'Suriname'),
('192.168.0.165', 'Svezia'),
('192.168.0.166', 'Svizzera'),
('192.168.0.167', 'Siria'),
('192.168.0.168', 'Taiwan'),
('192.168.0.169', 'Tajikistan'),
('192.168.0.170', 'Tanzania'),
('192.168.0.171', 'Thailandia'),
('192.168.0.172', 'Timor Est'),
('192.168.0.173', 'Togo'),
('192.168.0.174', 'Tonga'),
('192.168.0.175', 'Trinidad e Tobago'),
('192.168.0.176', 'Tunisia'),
('192.168.0.177', 'Turchia'),
('192.168.0.178', 'Turkmenistan'),
('192.168.0.179', 'Tuvalu'),
('192.168.0.180', 'Uganda'),
('192.168.0.181', 'Ucraina'),
('192.168.0.182', 'Emirati Arabi Uniti'),
('192.168.0.183', 'Regno Unito'),
('192.168.0.184', 'USA'),
('192.168.0.185', 'Uruguay'),
('192.168.0.186', 'Uzbekistan'),
('192.168.0.187', 'Vanuatu'),
('192.168.0.188', 'Vaticano'),
('192.168.0.189', 'Venezuela'),
('192.168.0.190', 'Vietnam'),
('192.168.0.191', 'Yemen'),
('192.168.0.192', 'Zambia'),
('192.168.0.193', 'Zimbabwe');

INSERT INTO DettagliConnessione (IP, InizioConnessione, FineConnessione, Hardware, Utente, Film) VALUES
('192.168.0.123', '2022-05-02 06:07:14', '2024-05-02 07:07:14', 'Tablet', 22, 2),
('192.168.0.123', '2024-05-02 06:07:14', '2024-05-02 07:07:14', 'Tablet', 22, 2),
('192.168.0.157', '2024-05-13 13:10:48', '2024-05-13 14:10:48', 'Laptop', 2, 14),
('192.168.0.166', '2024-05-22 22:42:21', '2024-05-22 23:42:21', 'Smartphone', 24, 13),
('192.168.0.126', '2024-05-18 01:39:08', '2024-05-18 02:39:08', 'Desktop', 21, 27),
('192.168.0.102', '2024-05-15 04:49:24', '2024-05-15 06:49:24', 'Laptop', 1, 2),
('192.168.0.24', '2024-05-14 06:47:30', '2024-05-14 07:47:30', 'Smart TV', 30, 21),
('192.168.0.24', '2024-05-26 10:50:53', '2024-05-26 12:50:53', 'Laptop', 20, 5),
('192.168.0.5', '2024-05-04 20:50:44', '2024-05-04 21:50:44', 'Laptop', 4, 21),
('192.168.0.156', '2024-05-23 15:53:21', '2024-05-23 16:53:21', 'Smartphone', 37, 23),
('192.168.0.96', '2024-05-22 22:47:28', '2024-05-22 23:47:28', 'Desktop', 8, 23),
('192.168.0.120', '2024-05-04 08:15:26', '2024-05-04 10:15:26', 'Smartphone', 11, 21),
('192.168.0.39', '2024-05-18 00:57:47', '2024-05-18 01:57:47', 'Desktop', 12, 27),
('192.168.0.58', '2024-05-05 07:11:06', '2024-05-05 08:11:06', 'Smart TV', 8, 21),
('192.168.0.170', '2024-05-12 02:21:52', '2024-05-12 03:21:52', 'Tablet', 7, 3),
('192.168.0.96', '2024-05-14 08:36:24', '2024-05-14 09:36:24', 'Smart TV', 11, 12),
('192.168.0.35', '2024-05-03 11:17:11', '2024-05-03 12:17:11', 'Desktop', 31, 17),
('192.168.0.89', '2024-05-02 10:40:00', '2024-05-02 12:40:00', 'Desktop', 35, 12),
('192.168.0.164', '2024-05-26 18:41:21', '2024-05-26 19:41:21', 'Laptop', 38, 26),
('192.168.0.55', '2024-05-30 13:25:49', '2024-05-30 15:25:49', 'Smart TV', 26, 18),
('192.168.0.17', '2024-05-15 08:42:31', '2024-05-15 10:42:31', 'Smartphone', 15, 25),
('192.168.0.51', '2024-05-07 07:40:25', '2024-05-07 08:40:25', 'Smart TV', 5, 15),
('192.168.0.88', '2024-05-31 19:47:22', '2024-05-31 21:47:22', 'Desktop', 29, 19),
('192.168.0.189', '2024-05-22 14:27:49', '2024-05-22 16:27:49', 'Smart TV', 30, 15),
('192.168.0.34', '2024-05-19 09:47:37', '2024-05-19 10:47:37', 'Laptop', 9, 14),
('192.168.0.55', '2024-05-28 03:25:30', '2024-05-28 05:25:30', 'Smart TV', 12, 27),
('192.168.0.165', '2024-05-14 21:14:52', '2024-05-14 22:14:52', 'Laptop', 7, 13),
('192.168.0.166', '2024-05-02 14:59:37', '2024-05-02 16:59:37', 'Smart TV', 2, 25),
('192.168.0.70', '2024-05-25 07:18:24', '2024-05-25 09:18:24', 'Tablet', 16, 13),
('192.168.0.174', '2024-05-20 22:26:12', '2024-05-21 00:26:12', 'Tablet', 34, 15),
('192.168.0.191', '2024-05-17 19:17:09', '2024-05-17 21:17:09', 'Laptop', 20, 18),
('192.168.0.121', '2024-05-09 20:51:40', '2024-05-09 21:51:40', 'Smartphone', 36, 5),
('192.168.0.30', '2024-05-17 11:01:19', '2024-05-17 13:01:19', 'Tablet', 4, 10),
('192.168.0.20', '2024-05-03 10:51:51', '2024-05-03 12:51:51', 'Laptop', 6, 6),
('192.168.0.102', '2024-05-04 00:09:56', '2024-05-04 01:09:56', 'Smart TV', 27, 10),
('192.168.0.43', '2024-05-15 01:11:22', '2024-05-15 02:11:22', 'Smart TV', 17, 1),
('192.168.0.128', '2024-05-23 17:48:06', '2024-05-23 19:48:06', 'Laptop', 5, 2),
('192.168.0.127', '2024-05-07 09:24:56', '2024-05-07 11:24:56', 'Smartphone', 17, 15),
('192.168.0.15', '2024-05-12 21:36:49', '2024-05-12 23:36:49', 'Laptop', 6, 5),
('192.168.0.29', '2024-05-12 10:06:17', '2024-05-12 11:06:17', 'Tablet', 15, 16),
('192.168.0.1', '2024-05-14 09:38:38', '2024-05-14 10:38:38', 'Laptop', 8, 3),
('192.168.0.156', '2024-05-01 01:06:23', '2024-05-01 02:06:23', 'Smart TV', 26, 19),
('192.168.0.13', '2024-05-15 14:05:39', '2024-05-15 15:05:39', 'Smartphone', 20, 26),
('192.168.0.146', '2024-05-11 14:27:44', '2024-05-11 15:27:44', 'Smartphone', 15, 27),
('192.168.0.148', '2024-05-08 10:51:38', '2024-05-08 12:51:38', 'Desktop', 25, 22),
('192.168.0.4', '2024-05-30 18:36:48', '2024-05-30 20:36:48', 'Tablet', 12, 13),
('192.168.0.94', '2024-05-23 17:40:21', '2024-05-23 19:40:21', 'Tablet', 6, 4),
('192.168.0.1', '2024-05-31 07:10:11', '2024-05-31 08:10:11', 'Tablet', 18, 26),
('192.168.0.142', '2024-05-05 00:23:11', '2024-05-05 02:23:11', 'Laptop', 28, 11),
('192.168.0.84', '2024-05-04 02:53:08', '2024-05-04 03:53:08', 'Laptop', 31, 16),
('192.168.0.101', '2024-05-09 07:15:53', '2024-05-09 08:15:53', 'Desktop', 19, 9),
('192.168.0.155', '2024-05-23 18:07:58', '2024-05-23 19:07:58', 'Tablet', 2, 9),
('192.168.0.190', '2024-05-11 11:01:45', '2024-05-11 12:01:45', 'Tablet', 38, 2),
('192.168.0.164', '2024-05-13 18:30:41', '2024-05-13 20:30:41', 'Smart TV', 11, 9),
('192.168.0.62', '2024-05-10 16:05:33', '2024-05-10 17:05:33', 'Desktop', 13, 10),
('192.168.0.35', '2024-05-02 21:58:12', '2024-05-02 23:58:12', 'Smartphone', 22, 22),
('192.168.0.37', '2024-05-04 12:43:52', '2024-05-04 14:43:52', 'Desktop', 16, 13),
('192.168.0.45', '2024-05-05 06:28:02', '2024-05-05 08:28:02', 'Desktop', 28, 22),
('192.168.0.88', '2024-05-03 10:45:19', '2024-05-03 12:45:19', 'Smart TV', 25, 10),
('192.168.0.21', '2024-05-05 17:37:47', '2024-05-05 19:37:47', 'Tablet', 1, 17),
('192.168.0.117', '2024-05-15 02:02:58', '2024-05-15 03:02:58', 'Smartphone', 10, 19),
('192.168.0.183', '2024-05-08 10:51:51', '2024-05-08 12:51:51', 'Smartphone', 38, 13),
('192.168.0.9', '2024-05-10 05:09:33', '2024-05-10 06:09:33', 'Desktop', 26, 15),
('192.168.0.99', '2024-05-16 11:43:35', '2024-05-16 12:43:35', 'Desktop', 10, 8),
('192.168.0.148', '2024-05-13 23:12:55', '2024-05-14 00:12:55', 'Smartphone', 5, 6),
('192.168.0.12', '2024-05-25 00:49:36', '2024-05-25 01:49:36', 'Desktop', 37, 18),
('192.168.0.106', '2024-05-23 08:45:32', '2024-05-23 09:45:32', 'Smart TV', 15, 1),
('192.168.0.24', '2024-05-23 19:53:18', '2024-05-23 21:53:18', 'Laptop', 22, 18),
('192.168.0.117', '2024-05-20 21:29:15', '2024-05-20 22:29:15', 'Smartphone', 36, 26),
('192.168.0.128', '2024-05-02 14:38:38', '2024-05-02 16:38:38', 'Smart TV', 17, 20),
('192.168.0.161', '2024-05-16 12:24:28', '2024-05-16 13:24:28', 'Desktop', 6, 8),
('192.168.0.183', '2024-05-30 21:53:35', '2024-05-30 22:53:35', 'Tablet', 5, 13),
('192.168.0.35', '2024-05-28 05:34:21', '2024-05-28 07:34:21', 'Desktop', 15, 10),
('192.168.0.170', '2024-05-08 20:59:13', '2024-05-08 22:59:13', 'Tablet', 18, 23),
('192.168.0.163', '2024-05-28 04:00:37', '2024-05-28 06:00:37', 'Desktop', 22, 15),
('192.168.0.109', '2024-05-02 23:34:35', '2024-05-03 01:34:35', 'Laptop', 1, 21),
('192.168.0.109', '2024-05-20 14:15:20', '2024-05-20 16:15:20', 'Tablet', 28, 20),
('192.168.0.186', '2024-05-02 03:27:08', '2024-05-02 04:27:08', 'Smart TV', 25, 2),
('192.168.0.101', '2024-05-08 07:16:33', '2024-05-08 08:16:33', 'Smartphone', 14, 3),
('192.168.0.146', '2024-05-09 04:15:59', '2024-05-09 06:15:59', 'Smartphone', 33, 4),
('192.168.0.132', '2024-05-07 13:54:42', '2024-05-07 15:54:42', 'Smartphone', 24, 16),
('192.168.0.2', '2024-05-23 03:56:32', '2024-05-23 04:56:32', 'Smartphone', 32, 24),
('192.168.0.80', '2024-05-17 07:22:39', '2024-05-17 08:22:39', 'Desktop', 19, 14),
('192.168.0.135', '2024-05-23 08:05:58', '2024-05-23 10:05:58', 'Desktop', 20, 12),
('192.168.0.1', '2024-05-05 20:54:24', '2024-05-05 22:54:24', 'Smartphone', 32, 7),
('192.168.0.14', '2024-05-01 21:59:59', '2024-05-01 23:59:59', 'Smart TV', 28, 11),
('192.168.0.93', '2024-05-03 12:39:31', '2024-05-03 13:39:31', 'Tablet', 32, 7),
('192.168.0.141', '2024-05-12 00:17:13', '2024-05-12 01:17:13', 'Desktop', 9, 25),
('192.168.0.51', '2024-05-24 20:08:14', '2024-05-24 22:08:14', 'Smart TV', 29, 11),
('192.168.0.104', '2024-05-30 22:28:50', '2024-05-30 23:28:50', 'Smart TV', 8, 22),
('192.168.0.98', '2024-05-22 11:46:06', '2024-05-22 13:46:06', 'Smart TV', 35, 14),
('192.168.0.50', '2024-05-01 04:09:29', '2024-05-01 05:09:29', 'Smartphone', 15, 16),
('192.168.0.32', '2024-05-13 21:11:25', '2024-05-13 23:11:25', 'Smart TV', 16, 12),
('192.168.0.106', '2024-05-28 07:46:00', '2024-05-28 08:46:00', 'Smartphone', 34, 25),
('192.168.0.80', '2024-05-06 15:39:39', '2024-05-06 17:39:39', 'Smartphone', 10, 1),
('192.168.0.88', '2024-05-13 13:53:39', '2024-05-13 14:53:39', 'Smartphone', 36, 9),
('192.168.0.62', '2024-05-23 16:05:07', '2024-05-23 17:05:07', 'Tablet', 6, 21),
('192.168.0.137', '2024-05-09 14:33:31', '2024-05-09 16:33:31', 'Smart TV', 32, 24),
('192.168.0.162', '2024-05-11 22:32:00', '2024-05-11 23:32:00', 'Desktop', 12, 4),
('192.168.0.127', '2024-05-20 13:33:42', '2024-05-20 15:33:42', 'Smartphone', 9, 21),
('192.168.0.75', '2024-05-31 23:34:06', '2024-06-01 00:34:06', 'Laptop', 18, 14),
('192.168.0.20', '2024-05-16 06:14:29', '2024-05-16 07:14:29', 'Laptop', 35, 3),
('192.168.0.129', '2024-05-03 23:00:06', '2024-05-04 00:00:06', 'Tablet', 38, 19),
('192.168.0.84', '2024-05-23 08:15:04', '2024-05-23 10:15:04', 'Desktop', 1, 7),
('192.168.0.17', '2024-05-31 05:11:18', '2024-05-31 06:11:18', 'Smart TV', 14, 17),
('192.168.0.107', '2024-05-18 06:11:30', '2024-05-18 07:11:30', 'Tablet', 23, 22),
('192.168.0.22', '2024-05-23 21:41:12', '2024-05-23 23:41:12', 'Tablet', 7, 20),
('192.168.0.9', '2024-05-14 17:25:13', '2024-05-14 19:25:13', 'Smartphone', 7, 27),
('192.168.0.88', '2024-05-17 23:49:50', '2024-05-18 01:49:50', 'Laptop', 23, 10),
('192.168.0.185', '2024-05-25 01:45:11', '2024-05-25 03:45:11', 'Smart TV', 28, 25),
('192.168.0.61', '2024-05-04 16:24:55', '2024-05-04 18:24:55', 'Laptop', 26, 6),
('192.168.0.153', '2024-05-23 18:58:39', '2024-05-23 20:58:39', 'Smartphone', 26, 6),
('192.168.0.96', '2024-05-08 00:42:45', '2024-05-08 02:42:45', 'Smart TV', 23, 19),
('192.168.0.38', '2024-05-18 20:48:53', '2024-05-18 21:48:53', 'Desktop', 30, 7),
('192.168.0.20', '2024-05-10 05:49:42', '2024-05-10 06:49:42', 'Tablet', 1, 16),
('192.168.0.7', '2024-05-24 11:55:13', '2024-05-24 13:55:13', 'Tablet', 19, 14),
('192.168.0.78', '2024-05-31 15:02:01', '2024-05-31 17:02:01', 'Tablet', 18, 17),
('192.168.0.86', '2024-05-25 15:06:09', '2024-05-25 16:06:09', 'Desktop', 26, 14),
('192.168.0.124', '2024-05-21 18:08:32', '2024-05-21 20:08:32', 'Smartphone', 7, 15),
('192.168.0.99', '2024-05-06 16:49:44', '2024-05-06 17:49:44', 'Laptop', 23, 25),
('192.168.0.105', '2024-05-29 16:20:02', '2024-05-29 17:20:02', 'Tablet', 17, 5),
('192.168.0.6', '2024-05-21 19:39:58', '2024-05-21 20:39:58', 'Tablet', 5, 12),
('192.168.0.20', '2024-05-21 22:25:12', '2024-05-22 00:25:12', 'Desktop', 5, 19),
('192.168.0.107', '2024-05-04 12:59:06', '2024-05-04 13:59:06', 'Smart TV', 27, 14),
('192.168.0.32', '2024-05-23 04:15:02', '2024-05-23 06:15:02', 'Desktop', 2, 17),
('192.168.0.128', '2024-05-17 06:29:20', '2024-05-17 07:29:20', 'Laptop', 6, 1),
('192.168.0.68', '2024-05-09 16:41:11', '2024-05-09 18:41:11', 'Smart TV', 9, 9),
('192.168.0.192', '2024-05-22 23:57:49', '2024-05-23 01:57:49', 'Smartphone', 39, 14),
('192.168.0.113', '2024-05-29 02:56:00', '2024-05-29 04:56:00', 'Smart TV', 6, 7),
('192.168.0.67', '2024-05-30 19:20:53', '2024-05-30 21:20:53', 'Laptop', 19, 19),
('192.168.0.184', '2024-05-02 12:41:21', '2024-05-02 13:41:21', 'Tablet', 26, 12),
('192.168.0.45', '2024-05-07 07:31:03', '2024-05-07 08:31:03', 'Smartphone', 11, 2),
('192.168.0.87', '2024-05-08 00:47:19', '2024-05-08 02:47:19', 'Smart TV', 19, 1),
('192.168.0.102', '2024-05-14 02:40:14', '2024-05-14 04:40:14', 'Tablet', 20, 13),
('192.168.0.58', '2024-05-30 01:43:38', '2024-05-30 02:43:38', 'Smart TV', 8, 13),
('192.168.0.160', '2024-05-29 05:09:20', '2024-05-29 07:09:20', 'Desktop', 30, 2),
('192.168.0.19', '2024-05-17 21:41:11', '2024-05-17 23:41:11', 'Desktop', 31, 3),
('192.168.0.129', '2024-05-25 19:41:49', '2024-05-25 20:41:49', 'Smart TV', 26, 9),
('192.168.0.87', '2024-05-26 17:43:32', '2024-05-26 19:43:32', 'Smartphone', 37, 1),
('192.168.0.145', '2024-05-30 13:38:15', '2024-05-30 14:38:15', 'Laptop', 25, 18),
('192.168.0.18', '2024-05-05 03:39:49', '2024-05-05 05:39:49', 'Tablet', 21, 2),
('192.168.0.173', '2024-05-03 06:25:14', '2024-05-03 08:25:14', 'Laptop', 25, 1),
('192.168.0.81', '2024-05-31 10:34:59', '2024-05-31 12:34:59', 'Laptop', 31, 22),
('192.168.0.131', '2024-05-22 10:41:30', '2024-05-22 12:41:30', 'Laptop', 32, 14),
('192.168.0.40', '2024-05-22 20:25:48', '2024-05-22 22:25:48', 'Smartphone', 34, 20),
('192.168.0.70', '2024-05-17 00:09:11', '2024-05-17 02:09:11', 'Laptop', 20, 24),
('192.168.0.185', '2024-05-25 14:50:37', '2024-05-25 16:50:37', 'Smartphone', 17, 17),
('192.168.0.7', '2024-05-07 04:15:11', '2024-05-07 06:15:11', 'Smartphone', 21, 18),
('192.168.0.120', '2024-05-23 19:15:54', '2024-05-23 21:15:54', 'Smart TV', 39, 4),
('192.168.0.82', '2024-05-13 00:46:32', '2024-05-13 01:46:32', 'Smart TV', 14, 16),
('192.168.0.157', '2024-05-22 04:38:15', '2024-05-22 06:38:15', 'Tablet', 39, 27),
('192.168.0.100', '2024-05-11 01:27:09', '2024-05-11 03:27:09', 'Laptop', 3, 17),
('192.168.0.107', '2024-05-23 11:32:51', '2024-05-23 12:32:51', 'Tablet', 5, 15),
('192.168.0.103', '2024-05-24 00:51:22', '2024-05-24 01:51:22', 'Laptop', 12, 2),
('192.168.0.31', '2024-05-15 01:48:23', '2024-05-15 03:48:23', 'Smartphone', 28, 15),
('192.168.0.50', '2024-05-16 06:19:35', '2024-05-16 08:19:35', 'Smartphone', 35, 16),
('192.168.0.84', '2024-05-15 08:08:18', '2024-05-15 09:08:18', 'Tablet', 1, 21),
('192.168.0.158', '2024-05-07 13:01:19', '2024-05-07 14:01:19', 'Desktop', 12, 8),
('192.168.0.67', '2024-05-21 21:21:19', '2024-05-21 22:21:19', 'Laptop', 11, 27),
('192.168.0.185', '2024-05-20 06:23:22', '2024-05-20 08:23:22', 'Desktop', 22, 7),
('192.168.0.117', '2024-05-15 00:57:57', '2024-05-15 01:57:57', 'Tablet', 13, 3),
('192.168.0.83', '2024-05-29 14:27:28', '2024-05-29 16:27:28', 'Smartphone', 37, 24),
('192.168.0.28', '2024-05-23 19:09:47', '2024-05-23 20:09:47', 'Desktop', 38, 18),
('192.168.0.110', '2024-05-21 19:47:23', '2024-05-21 21:47:23', 'Smartphone', 39, 15),
('192.168.0.58', '2024-05-16 16:40:35', '2024-05-16 18:40:35', 'Desktop', 2, 27),
('192.168.0.183', '2024-05-03 19:11:39', '2024-05-03 21:11:39', 'Tablet', 31, 13),
('192.168.0.102', '2024-05-15 05:02:46', '2024-05-15 07:02:46', 'Smartphone', 33, 11),
('192.168.0.50', '2024-05-12 03:10:38', '2024-05-12 04:10:38', 'Laptop', 4, 24),
('192.168.0.55', '2024-05-13 08:08:47', '2024-05-13 09:08:47', 'Tablet', 5, 20),
('192.168.0.32', '2024-05-03 23:40:42', '2024-05-04 01:40:42', 'Tablet', 22, 11),
('192.168.0.19', '2024-05-25 16:50:53', '2024-05-25 18:50:53', 'Laptop', 38, 1),
('192.168.0.84', '2024-05-06 10:15:11', '2024-05-06 12:15:11', 'Laptop', 35, 12),
('192.168.0.86', '2024-05-13 19:54:55', '2024-05-13 20:54:55', 'Smart TV', 32, 9),
('192.168.0.58', '2024-05-18 21:45:20', '2024-05-18 23:45:20', 'Tablet', 25, 16),
('192.168.0.56', '2024-05-04 10:28:59', '2024-05-04 11:28:59', 'Smart TV', 26, 27),
('192.168.0.14', '2024-05-10 12:15:24', '2024-05-10 13:15:24', 'Smartphone', 15, 26),
('192.168.0.81', '2024-05-05 11:21:32', '2024-05-05 12:21:32', 'Tablet', 39, 17),
('192.168.0.122', '2024-05-12 20:59:29', '2024-05-12 22:59:29', 'Tablet', 16, 17),
('192.168.0.149', '2024-05-22 05:08:58', '2024-05-22 06:08:58', 'Desktop', 21, 3),
('192.168.0.140', '2024-05-17 15:48:38', '2024-05-17 17:48:38', 'Smart TV', 27, 19),
('192.168.0.151', '2024-05-20 03:48:37', '2024-05-20 04:48:37', 'Smartphone', 17, 13),
('192.168.0.101', '2024-05-24 12:28:35', '2024-05-24 13:28:35', 'Smart TV', 32, 22),
('192.168.0.184', '2024-05-01 23:27:51', '2024-05-02 01:27:51', 'Desktop', 10, 5),
('192.168.0.43', '2024-05-04 03:19:10', '2024-05-04 05:19:10', 'Smart TV', 13, 4),
('192.168.0.71', '2024-05-13 09:35:54', '2024-05-13 10:35:54', 'Desktop', 17, 5),
('192.168.0.116', '2024-05-19 16:30:24', '2024-05-19 17:30:24', 'Smart TV', 33, 2),
('192.168.0.140', '2024-05-21 06:54:32', '2024-05-21 07:54:32', 'Tablet', 25, 11),
('192.168.0.57', '2024-05-19 15:32:51', '2024-05-19 16:32:51', 'Desktop', 24, 27),
('192.168.0.90', '2024-05-22 18:43:23', '2024-05-22 19:43:23', 'Laptop', 27, 9),
('192.168.0.83', '2024-05-28 08:31:45', '2024-05-28 10:31:45', 'Tablet', 18, 14),
('192.168.0.6', '2024-05-16 01:59:11', '2024-05-16 03:59:11', 'Smartphone', 6, 18),
('192.168.0.51', '2024-05-29 22:11:19', '2024-05-29 23:11:19', 'Smartphone', 29, 17),
('192.168.0.73', '2024-05-27 23:47:58', '2024-05-28 01:47:58', 'Smart TV', 36, 25),
('192.168.0.91', '2024-05-16 20:56:36', '2024-05-16 22:56:36', 'Desktop', 3, 15),
('192.168.0.163', '2024-05-09 23:38:57', '2024-05-10 00:38:57', 'Desktop', 39, 23),
('192.168.0.76', '2024-05-01 02:27:12', '2024-05-01 03:27:12', 'Desktop', 28, 27),
('192.168.0.152', '2024-05-05 06:10:39', '2024-05-05 08:10:39', 'Laptop', 38, 20),
('192.168.0.26', '2024-05-15 12:49:28', '2024-05-15 13:49:28', 'Laptop', 2, 22),
('192.168.0.6', '2024-05-19 08:36:53', '2024-05-19 09:36:53', 'Desktop', 12, 6),
('192.168.0.78', '2024-05-19 07:37:06', '2024-05-19 09:37:06', 'Smartphone', 12, 15),
('192.168.0.104', '2024-05-14 10:14:57', '2024-05-14 12:14:57', 'Desktop', 26, 8),
('192.168.0.77', '2024-05-31 12:24:16', '2024-05-31 14:24:16', 'Laptop', 34, 11),
('192.168.0.19', '2024-05-31 17:01:29', '2024-05-31 19:01:29', 'Laptop', 13, 3),
('192.168.0.88', '2024-05-10 18:52:34', '2024-05-10 19:52:34', 'Desktop', 19, 24),
('192.168.0.63', '2024-05-04 20:42:55', '2024-05-04 21:42:55', 'Desktop', 9, 14),
('192.168.0.154', '2024-05-28 04:30:18', '2024-05-28 05:30:18', 'Smartphone', 4, 23),
('192.168.0.100', '2024-05-15 07:19:42', '2024-05-15 09:19:42', 'Laptop', 8, 12),
('192.168.0.108', '2024-05-15 10:20:21', '2024-05-15 11:20:21', 'Desktop', 18, 9),
('192.168.0.67', '2024-05-19 11:08:07', '2024-05-19 13:08:07', 'Smartphone', 17, 10),
('192.168.0.118', '2024-05-22 22:32:43', '2024-05-23 00:32:43', 'Tablet', 34, 7),
('192.168.0.43', '2024-05-08 00:16:06', '2024-05-08 02:16:06', 'Desktop', 12, 18),
('192.168.0.159', '2024-05-08 10:55:41', '2024-05-08 11:55:41', 'Desktop', 4, 4),
('192.168.0.186', '2024-05-04 04:53:03', '2024-05-04 05:53:03', 'Tablet', 30, 8),
('192.168.0.140', '2024-05-06 15:47:21', '2024-05-06 16:47:21', 'Smartphone', 3, 4),
('192.168.0.105', '2024-05-08 23:23:22', '2024-05-09 00:23:22', 'Laptop', 31, 26),
('192.168.0.110', '2024-05-22 13:20:08', '2024-05-22 15:20:08', 'Smart TV', 13, 8),
('192.168.0.35', '2024-05-09 16:56:39', '2024-05-09 17:56:39', 'Smart TV', 30, 23),
('192.168.0.86', '2024-05-17 17:33:16', '2024-05-17 18:33:16', 'Laptop', 14, 18),
('192.168.0.24', '2024-05-14 07:46:09', '2024-05-14 09:46:09', 'Tablet', 10, 1),
('192.168.0.161', '2024-05-10 09:12:31', '2024-05-10 10:12:31', 'Tablet', 5, 14),
('192.168.0.32', '2024-05-18 21:34:34', '2024-05-18 23:34:34', 'Desktop', 7, 6),
('192.168.0.166', '2024-05-07 15:54:19', '2024-05-07 17:54:19', 'Smart TV', 15, 26),
('192.168.0.95', '2024-05-08 16:40:20', '2024-05-08 17:40:20', 'Laptop', 32, 13),
('192.168.0.12', '2024-05-31 18:37:56', '2024-05-31 20:37:56', 'Smartphone', 31, 10),
('192.168.0.143', '2024-05-30 12:20:40', '2024-05-30 14:20:40', 'Tablet', 28, 3),
('192.168.0.155', '2024-05-23 07:45:46', '2024-05-23 09:45:46', 'Smartphone', 34, 1),
('192.168.0.144', '2024-05-19 14:19:06', '2024-05-19 16:19:06', 'Smartphone', 7, 24),
('192.168.0.96', '2024-05-10 01:24:37', '2024-05-10 03:24:37', 'Desktop', 34, 12),
('192.168.0.52', '2024-05-08 10:39:59', '2024-05-08 12:39:59', 'Smart TV', 29, 23),
('192.168.0.139', '2024-05-25 16:51:08', '2024-05-25 18:51:08', 'Smartphone', 37, 18),
('192.168.0.160', '2024-05-24 01:25:28', '2024-05-24 02:25:28', 'Smart TV', 36, 22),
('192.168.0.58', '2024-05-04 01:58:34', '2024-05-04 03:58:34', 'Laptop', 7, 18),
('192.168.0.104', '2024-05-03 21:27:36', '2024-05-03 23:27:36', 'Desktop', 14, 12),
('192.168.0.153', '2024-05-24 16:32:13', '2024-05-24 17:32:13', 'Smartphone', 16, 23),
('192.168.0.190', '2024-05-31 12:48:42', '2024-05-31 13:48:42', 'Desktop', 19, 15),
('192.168.0.26', '2024-05-12 16:59:18', '2024-05-12 18:59:18', 'Tablet', 34, 16),
('192.168.0.35', '2024-05-29 12:51:57', '2024-05-29 13:51:57', 'Smartphone', 32, 16),
('192.168.0.17', '2024-05-15 07:06:59', '2024-05-15 08:06:59', 'Tablet', 4, 4),
('192.168.0.176', '2024-05-28 01:56:35', '2024-05-28 02:56:35', 'Tablet', 5, 13),
('192.168.0.105', '2024-05-03 19:22:59', '2024-05-03 20:22:59', 'Smartphone', 3, 10),
('192.168.0.29', '2024-05-26 10:00:56', '2024-05-26 11:00:56', 'Smart TV', 14, 25),
('192.168.0.84', '2024-05-14 00:00:32', '2024-05-14 02:00:32', 'Tablet', 22, 27),
('192.168.0.45', '2024-05-25 06:27:20', '2024-05-25 07:27:20', 'Tablet', 26, 8),
('192.168.0.121', '2024-05-06 13:28:03', '2024-05-06 15:28:03', 'Smartphone', 24, 5),
('192.168.0.23', '2024-05-05 09:49:05', '2024-05-05 11:49:05', 'Tablet', 30, 1),
('192.168.0.102', '2024-05-31 00:33:31', '2024-05-31 02:33:31', 'Tablet', 10, 19),
('192.168.0.77', '2024-05-25 17:51:31', '2024-05-25 18:51:31', 'Tablet', 16, 3),
('192.168.0.44', '2024-05-06 06:47:38', '2024-05-06 08:47:38', 'Laptop', 27, 20),
('192.168.0.93', '2024-05-21 12:34:38', '2024-05-21 13:34:38', 'Tablet', 17, 4),
('192.168.0.173', '2024-05-13 12:56:14', '2024-05-13 13:56:14', 'Smart TV', 10, 2),
('192.168.0.42', '2024-05-02 14:06:10', '2024-05-02 16:06:10', 'Laptop', 9, 12),
('192.168.0.32', '2024-05-15 12:43:37', '2024-05-15 13:43:37', 'Laptop', 29, 4),
('192.168.0.139', '2024-05-09 03:56:51', '2024-05-09 04:56:51', 'Smart TV', 9, 13),
('192.168.0.55', '2024-05-09 13:52:36', '2024-05-09 14:52:36', 'Tablet', 10, 24),
('192.168.0.141', '2024-05-16 03:13:42', '2024-05-16 05:13:42', 'Smart TV', 8, 25),
('192.168.0.150', '2024-05-11 09:04:27', '2024-05-11 11:04:27', 'Laptop', 36, 8),
('192.168.0.42', '2024-05-04 02:44:39', '2024-05-04 04:44:39', 'Laptop', 24, 19),
('192.168.0.123', '2024-05-21 16:07:59', '2024-05-21 17:07:59', 'Desktop', 21, 8),
('192.168.0.170', '2024-05-18 22:27:02', '2024-05-19 00:27:02', 'Tablet', 16, 24),
('192.168.0.121', '2024-05-23 09:50:35', '2024-05-23 10:50:35', 'Smart TV', 8, 15),
('192.168.0.41', '2024-05-19 05:49:27', '2024-05-19 06:49:27', 'Tablet', 39, 10),
('192.168.0.136', '2024-05-04 17:28:17', '2024-05-04 19:28:17', 'Tablet', 3, 4),
('192.168.0.60', '2024-05-23 06:24:22', '2024-05-23 07:24:22', 'Laptop', 34, 4),
('192.168.0.33', '2024-05-16 07:23:25', '2024-05-16 08:23:25', 'Smart TV', 33, 13),
('192.168.0.106', '2024-05-12 21:49:55', '2024-05-12 22:49:55', 'Tablet', 31, 19),
('192.168.0.3', '2024-05-05 21:30:33', '2024-05-05 23:30:33', 'Laptop', 15, 5),
('192.168.0.148', '2024-05-13 03:54:13', '2024-05-13 05:54:13', 'Smartphone', 8, 26),
('192.168.0.93', '2024-05-22 07:37:18', '2024-05-22 09:37:18', 'Tablet', 16, 6),
('192.168.0.26', '2024-05-06 21:56:54', '2024-05-06 23:56:54', 'Tablet', 14, 17),
('192.168.0.166', '2024-05-01 08:56:25', '2024-05-01 10:56:25', 'Smart TV', 28, 4),
('192.168.0.108', '2024-05-26 22:14:18', '2024-05-27 00:14:18', 'Laptop', 29, 22),
('192.168.0.98', '2024-05-24 20:35:56', '2024-05-24 21:35:56', 'Smartphone', 9, 26),
('192.168.0.117', '2024-05-19 20:53:15', '2024-05-19 22:53:15', 'Tablet', 11, 24),
('192.168.0.187', '2024-05-18 01:35:20', '2024-05-18 03:35:20', 'Laptop', 33, 24),
('192.168.0.158', '2024-05-31 22:26:08', '2024-05-31 23:26:08', 'Laptop', 27, 19),
('192.168.0.65', '2024-05-08 08:10:04', '2024-05-08 09:10:04', 'Tablet', 32, 15),
('192.168.0.14', '2024-05-03 03:44:01', '2024-05-03 04:44:01', 'Smart TV', 35, 10),
('192.168.0.146', '2024-05-24 05:24:48', '2024-05-24 06:24:48', 'Smartphone', 29, 25),
('192.168.0.64', '2024-05-25 03:06:37', '2024-05-25 05:06:37', 'Desktop', 2, 8),
('192.168.0.38', '2024-05-08 10:56:08', '2024-05-08 11:56:08', 'Smart TV', 6, 4),
('192.168.0.64', '2024-05-29 20:20:27', '2024-05-29 22:20:27', 'Desktop', 29, 18),
('192.168.0.89', '2024-05-02 19:16:44', '2024-05-02 20:16:44', 'Smart TV', 28, 21),
('192.168.0.177', '2024-05-01 02:21:20', '2024-05-01 03:21:20', 'Desktop', 27, 21),
('192.168.0.101', '2024-05-27 02:21:29', '2024-05-27 03:21:29', 'Smartphone', 35, 11),
('192.168.0.3', '2024-05-31 18:35:43', '2024-05-31 20:35:43', 'Tablet', 10, 19),
('192.168.0.152', '2024-05-12 08:47:16', '2024-05-12 09:47:16', 'Smartphone', 6, 1),
('192.168.0.13', '2024-05-26 22:35:57', '2024-05-26 23:35:57', 'Laptop', 35, 13),
('192.168.0.165', '2024-05-17 19:01:16', '2024-05-17 21:01:16', 'Tablet', 7, 21),
('192.168.0.184', '2024-05-09 07:11:43', '2024-05-09 08:11:43', 'Laptop', 10, 21),
('192.168.0.122', '2024-05-02 02:35:51', '2024-05-02 03:35:51', 'Desktop', 1, 7),
('192.168.0.54', '2024-05-05 17:10:24', '2024-05-05 18:10:24', 'Tablet', 23, 18),
('192.168.0.172', '2024-05-29 10:13:24', '2024-05-29 12:13:24', 'Laptop', 10, 22),
('192.168.0.46', '2024-05-19 11:55:53', '2024-05-19 13:55:53', 'Smartphone', 20, 7),
('192.168.0.12', '2024-05-04 23:35:24', '2024-05-05 00:35:24', 'Tablet', 36, 12),
('192.168.0.37', '2024-05-18 10:25:25', '2024-05-18 12:25:25', 'Desktop', 18, 19),
('192.168.0.85', '2024-05-15 18:25:30', '2024-05-15 20:25:30', 'Desktop', 26, 16),
('192.168.0.160', '2024-05-06 18:08:49', '2024-05-06 20:08:49', 'Tablet', 25, 16),
('192.168.0.105', '2024-05-13 14:13:00', '2024-05-13 15:13:00', 'Smartphone', 22, 18),
('192.168.0.85', '2024-05-05 10:32:04', '2024-05-05 11:32:04', 'Laptop', 32, 26),
('192.168.0.27', '2024-05-02 20:14:29', '2024-05-02 22:14:29', 'Tablet', 19, 21),
('192.168.0.52', '2024-05-16 15:00:26', '2024-05-16 17:00:26', 'Desktop', 34, 16),
('192.168.0.38', '2024-05-08 18:56:37', '2024-05-08 20:56:37', 'Laptop', 25, 21),
('192.168.0.186', '2024-05-11 16:55:10', '2024-05-11 17:55:10', 'Tablet', 21, 14),
('192.168.0.159', '2024-05-02 13:42:08', '2024-05-02 15:42:08', 'Smart TV', 1, 7),
('192.168.0.140', '2024-05-04 16:20:14', '2024-05-04 18:20:14', 'Desktop', 32, 23),
('192.168.0.138', '2024-05-06 06:48:23', '2024-05-06 08:48:23', 'Smartphone', 23, 11),
('192.168.0.117', '2024-05-13 08:31:43', '2024-05-13 09:31:43', 'Smart TV', 11, 19),
('192.168.0.4', '2024-05-15 09:53:26', '2024-05-15 10:53:26', 'Tablet', 13, 25),
('192.168.0.183', '2024-05-16 10:05:48', '2024-05-16 12:05:48', 'Smartphone', 19, 11),
('192.168.0.82', '2024-05-22 16:17:23', '2024-05-22 17:17:23', 'Smartphone', 36, 18),
('192.168.0.111', '2024-05-20 17:58:11', '2024-05-20 18:58:11', 'Tablet', 22, 20),
('192.168.0.165', '2024-05-31 00:01:42', '2024-05-31 02:01:42', 'Tablet', 29, 9),
('192.168.0.191', '2024-05-17 09:24:03', '2024-05-17 11:24:03', 'Smart TV', 7, 6),
('192.168.0.78', '2024-05-19 20:34:09', '2024-05-19 22:34:09', 'Smartphone', 37, 8),
('192.168.0.135', '2024-05-11 05:38:56', '2024-05-11 07:38:56', 'Desktop', 36, 7),
('192.168.0.107', '2024-05-25 13:27:31', '2024-05-25 14:27:31', 'Smartphone', 12, 14),
('192.168.0.102', '2024-05-21 15:58:53', '2024-05-21 17:58:53', 'Smartphone', 1, 22),
('192.168.0.155', '2024-05-01 13:14:42', '2024-05-01 14:14:42', 'Tablet', 11, 5),
('192.168.0.15', '2024-05-19 19:55:45', '2024-05-19 21:55:45', 'Tablet', 2, 27),
('192.168.0.139', '2024-05-26 06:30:49', '2024-05-26 07:30:49', 'Desktop', 4, 26),
('192.168.0.188', '2024-05-28 08:12:24', '2024-05-28 10:12:24', 'Smartphone', 3, 27),
('192.168.0.171', '2024-05-12 04:18:59', '2024-05-12 05:18:59', 'Desktop', 20, 10),
('192.168.0.120', '2024-05-21 05:24:49', '2024-05-21 07:24:49', 'Desktop', 23, 15),
('192.168.0.152', '2024-05-11 09:29:26', '2024-05-11 10:29:26', 'Tablet', 13, 3),
('192.168.0.36', '2024-05-19 23:01:33', '2024-05-20 01:01:33', 'Smart TV', 39, 18),
('192.168.0.157', '2024-05-26 22:56:40', '2024-05-26 23:56:40', 'Smartphone', 18, 11),
('192.168.0.53', '2024-05-04 10:43:34', '2024-05-04 11:43:34', 'Tablet', 24, 4),
('192.168.0.78', '2024-05-03 09:29:40', '2024-05-03 10:29:40', 'Tablet', 28, 1),
('192.168.0.104', '2024-05-10 16:55:02', '2024-05-10 18:55:02', 'Smartphone', 24, 20),
('192.168.0.51', '2024-05-14 14:23:04', '2024-05-14 16:23:04', 'Smartphone', 39, 14),
('192.168.0.181', '2024-05-27 22:24:48', '2024-05-27 23:24:48', 'Smart TV', 18, 8);

-- Recensione U --
INSERT INTO RecensioneU (Film, Utente, Voto, Testo) VALUES
(2, 1, 8.7, 'Un film fantastico con una trama avvincente.'),
(1, 2, 9.3, 'Un capolavoro assoluto, merita tutti gli applausi.'),
(4, 3, 7.4, 'Una storia commovente, ma con qualche piccolo difetto.'),
(3, 4, 8.4, 'Un film ben realizzato, con ottime performance degli attori.'),
(6, 25, 6.0, 'Una delusione totale, non all\'altezza delle aspettative.'),
(5, 16, 8.1, 'Un\'opera d\'arte visiva, ma la trama poteva essere più approfondita.'),
(8, 7, 6.8, 'Una storia interessante, ma con alcune incongruenze.'),
(7, 28, 9.7, 'Assolutamente straordinario, da vedere assolutamente.'),
(10, 9, 5.5, 'Una delusione, non raccomanderei questo film a nessuno.'),
(9, 30, 7.5, 'Un film divertente, ma manca di profondità.'),
(11, 21, 8.7, 'Un film fantastico con una trama avvincente.'),
(13, 22, 9.3, 'Un capolavoro assoluto, merita tutti gli applausi.'),
(12, 13, 7.4, 'Una storia commovente, ma con qualche piccolo difetto.'),
(24, 14, 8.4, 'Un film ben realizzato, con ottime performance degli attori.'),
(12, 25, 6.0, 'Una delusione totale, non all\'altezza delle aspettative.'),
(21, 16, 8.1, 'Un\'opera d\'arte visiva, ma la trama poteva essere più approfondita.'),
(17, 7, 6.8, 'Una storia interessante, ma con alcune incongruenze.'),
(16, 28, 9.7, 'Assolutamente straordinario, da vedere assolutamente.'),
(22, 19, 5.5, 'Una delusione, non raccomanderei questo film a nessuno.'),
(15, 10, 7.5, 'Un film divertente, ma manca di profondità.');

-- Carta --
INSERT INTO Carta (PAN, CVV, DataScadenza, NomeIntestatario, CognomeIntestatario, UtenteProprietario) VALUES
('1234567890123456789', '123', '2025-12-31', 'Mario', 'Rossi', 1),
('2345678901234567890', '456', '2026-11-30', 'Luca', 'Bianchi', 2),
('3456789012345678901', '789', '2027-10-29', 'Giulia', 'Verdi', 3),
('4567890123456789012', '012', '2028-09-28', 'Francesca', 'Neri', 4),
('5678901234567890123', '345', '2029-08-27', 'Alessandro', 'Bruno', 5),
('6789012345678901234', '678', '2030-07-26', 'Chiara', 'Gialli', 6),
('7890123456789012345', '901', '2031-06-25', 'Giovanni', 'Rosa', 7),
('8901234567890123456', '234', '2032-05-24', 'Valentina', 'Marrone', 8),
('9012345678901234567', '567', '2033-04-23', 'Roberto', 'Neri', 9),
('0123456789012345678', '890', '2034-03-22', 'Federica', 'Viola', 10),
('1234567890123456780', '123', '2035-02-21', 'Paolo', 'Gialli', 11),
('2345678901234567891', '456', '2036-01-20', 'Lorenzo', 'Azzurri', 12),
('3456789012345678902', '789', '2037-12-19', 'Marta', 'Grigi', 13),
('4567890123456789013', '012', '2038-11-18', 'Andrea', 'Rossi', 14),
('5678901234567890124', '345', '2039-10-17', 'Simone', 'Bianchi', 15),
('6789012345678901235', '678', '2040-09-16', 'Elena', 'Verdi', 16),
('7890123456789012346', '901', '2041-08-15', 'Marco', 'Neri', 17),
('8901234567890123457', '234', '2042-07-14', 'Giorgia', 'Bruno', 18),
('9012345678901234568', '567', '2043-06-13', 'Davide', 'Gialli', 19),
('0123456789012345679', '890', '2044-05-12', 'Sara', 'Rosa', 20),
('1234567890123456781', '123', '2045-04-11', 'Matteo', 'Marrone', 21),
('2345678901234567892', '456', '2046-03-10', 'Alessia', 'Neri', 22),
('3456789012345678903', '789', '2047-02-09', 'Stefano', 'Viola', 23),
('4567890123456789014', '012', '2048-01-08', 'Sofia', 'Gialli', 24),
('5678901234567890125', '345', '2049-12-07', 'Nicola', 'Azzurri', 25),
('6789012345678901236', '678', '2050-11-06', 'Gabriella', 'Grigi', 26),
('7890123456789012347', '901', '2051-10-05', 'Edoardo', 'Rossi', 27),
('8901234567890123458', '234', '2052-09-04', 'Veronica', 'Bianchi', 28),
('9012345678901234569', '567', '2053-08-03', 'Leonardo', 'Verdi', 29),
('0123456789012345680', '890', '2054-07-02', 'Anna', 'Neri', 30),
('1234567890123456782', '123', '2055-06-01', 'Gabriele', 'Bruno', 31),
('2345678901234567893', '456', '2056-05-31', 'Martina', 'Gialli', 32),
('3456789012345678904', '789', '2057-04-30', 'Tommaso', 'Rosa', 33),
('4567890123456789015', '012', '2058-03-29', 'Eleonora', 'Marrone', 34),
('5678901234567890126', '345', '2059-02-28', 'Riccardo', 'Neri', 35),
('6789012345678901237', '678', '2060-01-27', 'Ilaria', 'Viola', 36),
('7890123456789012348', '901', '2061-12-26', 'Manuel', 'Gialli', 37),
('8901234567890123459', '234', '2062-11-25', 'Chiara', 'Azzurri', 38),
('9012345678901234570', '567', '2063-10-24', 'Sara', 'Grigi', 39);

-- Fattura --
INSERT INTO Fattura (DataEmissione, Quota, Scadenza, DataPagamento, FatturazioneUtente, CartaPagamento) VALUES
('2024-01-01', 100.50, '2024-01-31', '2024-01-15', 1, '1234567890123456789'),
('2024-02-01', 150.75, '2024-02-28', '2024-02-20', 1, '1234567890123456789'),
('2024-03-01', 200.00, '2024-03-31', '2024-03-10', 2, '2345678901234567890'),
('2024-04-01', 250.25, '2024-04-30', '2024-04-25', 2, '2345678901234567890'),
('2024-05-01', 300.50, '2024-05-31', '2024-05-20', 3, '3456789012345678901'),
('2024-06-01', 350.75, '2024-06-30', '2024-06-28', 4, '4567890123456789012'),
('2024-07-01', 400.00, '2024-07-31', '2024-07-15', 5, '5678901234567890123'),
('2024-08-01', 450.25, '2024-08-31', '2024-08-20', 6, '6789012345678901234'),
('2024-09-01', 500.50, '2024-09-30', '2024-09-10', 7, '7890123456789012345'),
('2024-10-01', 550.75, '2024-10-31', '2024-10-05', 8, '8901234567890123456'),
('2024-11-01', 600.00, '2024-11-30', '2024-11-20', 9, '9012345678901234567'),
('2024-12-01', 650.25, '2024-12-31', '2024-12-22', 10, '0123456789012345678'),
('2025-01-01', 700.50, '2025-01-31', '2025-01-15', 10, '0123456789012345678'),
('2024-01-01', 100.75, '2024-01-31', '2024-01-20', 11, '1234567890123456780'),
('2024-02-01', 150.00, '2024-02-29', '2024-02-18', 12, '2345678901234567891'),
('2024-03-01', 200.25, '2024-03-31', '2024-03-25', 13, '3456789012345678902'),
('2024-04-01', 250.50, '2024-04-30', '2024-04-28', 14, '4567890123456789013'),
('2024-05-01', 300.75, '2024-05-31', '2024-05-20', 15, '5678901234567890124'),
('2024-06-01', 350.00, '2024-06-30', '2024-06-15', 16, '6789012345678901235'),
('2024-07-01', 400.25, '2024-07-31', '2024-07-10', 17, '7890123456789012346'),
('2024-08-01', 450.50, '2024-08-31', '2024-08-25', 18, '8901234567890123457'),
('2024-09-01', 500.75, '2024-09-30', '2024-09-22', 19, '9012345678901234568'),
('2024-10-01', 550.00, '2024-10-31', '2024-10-18', 20, '0123456789012345679'),
('2024-11-01', 600.25, '2024-11-30', '2024-11-25', 20, '0123456789012345679');

-- Funzionalità --
INSERT INTO Funzionalità (Nome, Descrizione) VALUES
('Guarda offline', 'Permette agli utenti di scaricare contenuti per la visualizzazione offline.'),
('Streaming simultaneo', 'Consente agli utenti di effettuare lo streaming di contenuti su più dispositivi contemporaneamente.'),
('Accesso multi-profilo', 'Permette agli utenti di creare più profili sotto lo stesso account.'),
('Contenuti esclusivi', 'Offre ai sottoscrittori accesso a contenuti che non sono disponibili per gli utenti non registrati.'),
('Ricerca avanzata', 'Fornisce agli utenti strumenti avanzati per cercare e filtrare i contenuti.'),
('Guarda trailer', 'Permette agli utenti di visualizzare i trailer dei film e delle serie TV disponibili.'),
('Visualizzazione senza pubblicità', 'Offre agli abbonati la possibilità di guardare i contenuti senza interruzioni pubblicitarie.'),
('Guarda in anteprima', 'Consente agli utenti di accedere in anteprima ai nuovi film e alle nuove serie TV prima della loro uscita ufficiale.');

-- Offerta --
INSERT INTO Offerta (Abbonamento, Funzionalità) VALUES
('Basic', 'Guarda offline'),
('Basic', 'Streaming simultaneo'),
('Pro', 'Guarda offline'),
('Pro', 'Streaming simultaneo'),
('Pro', 'Accesso multi-profilo'),
('Ultimate', 'Guarda offline'),
('Ultimate', 'Streaming simultaneo'),
('Ultimate', 'Accesso multi-profilo'),
('Ultimate', 'Contenuti esclusivi'),
('Premium', 'Guarda offline'),
('Premium', 'Streaming simultaneo'),
('Premium', 'Accesso multi-profilo'),
('Premium', 'Contenuti esclusivi'),
('Premium', 'Ricerca avanzata'),
('Premium', 'Guarda trailer'),
('Premium', 'Visualizzazione senza pubblicità'),
('Premium', 'Guarda in anteprima');

-- StatoRestrittivo --
INSERT INTO StatoRestrittivo (Stato, RestrizioneF, RestrizioneA) VALUES
('Afghanistan', TRUE, FALSE),
('Albania', FALSE, TRUE),
('Algeria', TRUE, TRUE),
('Angola', TRUE, FALSE),
('Antigua e Barbuda', FALSE, TRUE),
('Argentina', TRUE, TRUE),
('Australia', TRUE, FALSE),
('Austria', FALSE, TRUE),
('Azerbaigian', TRUE, TRUE),
('Bahrein', TRUE, FALSE),
('Bangladesh', FALSE, TRUE),
('Barbados', TRUE, TRUE),
('Belgio', TRUE, FALSE),
('Belize', FALSE, TRUE),
('Benin', TRUE, TRUE),
('Bolivia', TRUE, FALSE),
('Bosnia ed Erzegovina', FALSE, TRUE),
('Botswana', TRUE, TRUE),
('Brunei', TRUE, FALSE),
('Bulgaria', FALSE, TRUE),
('Burkina Faso', TRUE, TRUE),
('Capo Verde', TRUE, FALSE),
('Cambogia', FALSE, TRUE),
('Camerun', TRUE, TRUE),
('Repubblica Centrafricana', TRUE, FALSE),
('Ciad', FALSE, TRUE),
('Cile', TRUE, TRUE),
('Colombia', TRUE, FALSE),
('Comore', FALSE, TRUE),
('Repubblica Democratica del Congo', TRUE, TRUE),
('Costa Rica', TRUE, FALSE),
('Croazia', FALSE, TRUE),
('Cuba', TRUE, TRUE),
('Repubblica Ceca', TRUE, FALSE),
('Danimarca', FALSE, TRUE),
('Gibuti', TRUE, TRUE),
('Repubblica Dominicana', TRUE, FALSE),
('Ecuador', FALSE, TRUE),
('Egitto', TRUE, TRUE),
('Guinea Equatoriale', TRUE, FALSE),
('Eritrea', FALSE, TRUE),
('Estonia', TRUE, TRUE),
('Etiopia', TRUE, FALSE),
('Figi', FALSE, TRUE),
('Finlandia', TRUE, TRUE),
('Gabon', TRUE, FALSE),
('Gambia', FALSE, TRUE),
('Georgia', TRUE, TRUE),
('Ghana', TRUE, FALSE),
('Grecia', FALSE, TRUE),
('Grenada', TRUE, TRUE),
('Guinea', TRUE, FALSE),
('Guinea-Bissau', FALSE, TRUE),
('Guyana', TRUE, TRUE),
('Honduras', TRUE, FALSE),
('Ungheria', FALSE, TRUE),
('Islanda', TRUE, TRUE),
('Indonesia', TRUE, FALSE),
('Iran', FALSE, TRUE),
('Iraq', TRUE, TRUE),
('Israele', TRUE, FALSE),
('Italia', FALSE, TRUE),
('Giamaica', TRUE, TRUE),
('Giordania', TRUE, FALSE),
('Kazakistan', FALSE, TRUE),
('Kenya', TRUE, TRUE),
('Corea del Nord', TRUE, FALSE),
('Corea del Sud', FALSE, TRUE),
('Kuwait', TRUE, TRUE),
('Laos', TRUE, FALSE),
('Lettonia', FALSE, TRUE),
('Libano', TRUE, TRUE),
('Liberia', TRUE, FALSE),
('Libia', FALSE, TRUE),
('Liechtenstein', TRUE, TRUE),
('Lussemburgo', TRUE, FALSE),
('Madagascar', FALSE, TRUE),
('Malawi', TRUE, TRUE),
('Maldive', TRUE, FALSE),
('Mali', FALSE, TRUE),
('Malta', TRUE, TRUE),
('Mauritania', TRUE, FALSE),
('Mauritius', FALSE, TRUE),
('Messico', TRUE, TRUE),
('Moldavia', TRUE, FALSE),
('Monaco', FALSE, TRUE),
('Mongolia', TRUE, TRUE),
('Marocco', TRUE, FALSE),
('Mozambico', FALSE, TRUE),
('Myanmar', TRUE, TRUE),
('Nauru', TRUE, FALSE),
('Nepal', FALSE, TRUE),
('Paesi Bassi', TRUE, TRUE),
('Nicaragua', TRUE, FALSE),
('Niger', FALSE, TRUE),
('Nigeria', TRUE, TRUE),
('Oman', TRUE, FALSE),
('Pakistan', FALSE, TRUE),
('Palau', TRUE, TRUE),
('Papua Nuova Guinea', TRUE, FALSE),
('Paraguay', FALSE, TRUE),
('Perù', TRUE, TRUE),
('Polonia', TRUE, FALSE),
('Portogallo', FALSE, TRUE),
('Qatar', TRUE, TRUE),
('Russia', TRUE, FALSE),
('Ruanda', FALSE, TRUE),
('Saint Kitts e Nevis', TRUE, TRUE),
('Saint Vincent e Grenadine', TRUE, FALSE),
('Samoa', FALSE, TRUE),
('San Marino', TRUE, TRUE),
('Arabia Saudita', TRUE, FALSE),
('Senegal', FALSE, TRUE),
('Serbia', TRUE, TRUE),
('Sierra Leone', TRUE, FALSE),
('Singapore', FALSE, TRUE),
('Slovacchia', TRUE, TRUE),
('Isole Salomone', TRUE, FALSE),
('Somalia', FALSE, TRUE),
('Sudafrica', TRUE, TRUE),
('Spagna', TRUE, FALSE),
('Sri Lanka', FALSE, TRUE),
('Sudan', TRUE, TRUE),
('Svezia', TRUE, FALSE),
('Svizzera', FALSE, TRUE),
('Siria', TRUE, TRUE),
('Tajikistan', TRUE, FALSE),
('Tanzania', FALSE, TRUE),
('Thailandia', TRUE, TRUE),
('Togo', TRUE, FALSE),
('Tonga', FALSE, TRUE),
('Trinidad e Tobago', TRUE, TRUE),
('Turchia', TRUE, FALSE),
('Turkmenistan', FALSE, TRUE),
('Tuvalu', TRUE, TRUE),
('Ucraina', TRUE, FALSE),
('Emirati Arabi Uniti', FALSE, TRUE),
('Regno Unito', TRUE, TRUE),
('Uruguay', TRUE, FALSE),
('Uzbekistan', FALSE, TRUE),
('Vanuatu', TRUE, TRUE),
('Venezuela', TRUE, FALSE),
('Vietnam', FALSE, TRUE),
('Yemen', TRUE, TRUE),
('Zimbabwe', TRUE, FALSE);

-- Restrizione --
INSERT INTO Restrizione (Abbonamento, StatoRestrittivo)
SELECT Abbonamento.Tipo, StatoRestrittivo.Stato
FROM Abbonamento, StatoRestrittivo
WHERE StatoRestrittivo.RestrizioneA = TRUE;

-- Formato --
INSERT INTO Formato (Codice, DataAggiornamento, Bitrate, TipoFormato, QualitàA, QualitàV, DimensioneFile, Lunghezza, RapportoAspetto, Risoluzione) VALUES
('FMT001', '2024-05-28', 600, 'A', 8, 9, 750, 120, 1.78, 720),
('FMT002', '2024-05-28', 800, 'V', 7, 8, 900, 150, 1.85, 1080),
('FMT003', '2024-05-28', 1200, 'A', 9, 9, 1200, 180, 2.39, 1440),
('FMT004', '2024-05-28', 2000, 'V', 10, 10, 1500, 210, 1.33, 2160),
('FMT005', '2024-05-28', 1000, 'A', 8, 9, 850, 135, 1.78, 1080),
('FMT006', '2024-05-28', 1500, 'V', 9, 8, 1100, 160, 1.85, 1440),
('FMT007', '2024-05-28', 1800, 'A', 10, 10, 1300, 190, 2.39, 2160),
('FMT008', '2024-05-28', 2500, 'V', 10, 9, 1800, 230, 1.33, 2880),
('FMT009', '2024-05-28', 3000, 'A', 9, 9, 1500, 200, 1.78, 2160),
('FMT010', '2024-05-28', 3500, 'V', 10, 8, 1600, 210, 1.85, 2880),
('FMT011', '2024-05-28', 4000, 'A', 10, 10, 1800, 230, 2.39, 3840),
('FMT012', '2024-05-28', 4500, 'V', 10, 9, 2000, 250, 1.33, 4320),
('FMT013', '2024-05-28', 5000, 'A', 9, 9, 2200, 270, 1.78, 5760),
('FMT014', '2024-05-28', 5500, 'V', 10, 8, 2400, 290, 1.85, 7200),
('FMT015', '2024-05-28', 6000, 'A', 10, 10, 2600, 310, 2.39, 8640),
('FMT016', '2024-05-28', 6500, 'V', 10, 9, 2800, 330, 1.33, 9216),
('FMT017', '2024-05-28', 7000, 'A', 10, 10, 3000, 350, 1.78, 1520),
('FMT018', '2024-05-28', 7500, 'V', 10, 8, 3200, 370, 1.85, 4400),
('FMT019', '2024-05-28', 8000, 'A', 10, 10, 3400, 390, 2.39, 7280),
('FMT020', '2024-05-28', 8500, 'V', 10, 9, 3600, 410, 1.33, 8432),
('FMT021', '2024-05-28', 9000, 'A', 10, 10, 3800, 430, 1.78, 3040),
('FMT022', '2024-05-28', 9500, 'V', 10, 8, 4000, 450, 1.85, 8800),
('FMT023', '2024-05-28', 10000, 'A', 10, 10, 4200, 470, 2.39, 4560),
('FMT024', '2024-05-28', 10500, 'V', 10, 9, 4400, 490, 1.33, 6864),
('FMT025', '2024-05-28', 11000, 'A', 10, 10, 4600, 510, 1.78, 6080),
('FMT026', '2024-05-28', 11500, 'V', 10, 8, 4800, 530, 1.85, 7600),
('FMT027', '2024-05-28', 12000, 'A', 10, 10, 5000, 550, 2.39, 9120),
('FMT028', '2024-05-28', 12500, 'V', 10, 9, 5200, 570, 1.33, 3728),
('FMT029', '2024-05-28', 13000, 'A', 10, 10, 5400, 590, 1.78, 2160),
('FMT030', '2024-05-28', 13500, 'V', 10, 8, 5600, 610, 1.85, 5200);

-- Esclusione 
INSERT INTO Esclusione (StatoRestrittivo, CodiceFormato, AggiornamentoFormato) VALUES
('Afghanistan', 'FMT001', '2024-05-28'),
('Algeria', 'FMT002', '2024-05-28'),
('Angola', 'FMT003', '2024-05-28'),
('Argentina', 'FMT004', '2024-05-28'),
('Australia', 'FMT005', '2024-05-28'),
('Azerbaigian', 'FMT006', '2024-05-28'),
('Bahrein', 'FMT007', '2024-05-28'),
('Barbados', 'FMT008', '2024-05-28'),
('Belgio', 'FMT009', '2024-05-28'),
('Benin', 'FMT010', '2024-05-28'),
('Bolivia', 'FMT011', '2024-05-28'),
('Botswana', 'FMT012', '2024-05-28'),
('Brunei', 'FMT013', '2024-05-28'),
('Burkina Faso', 'FMT014', '2024-05-28'),
('Capo Verde', 'FMT015', '2024-05-28'),
('Camerun', 'FMT016', '2024-05-28'),
('Repubblica Centrafricana', 'FMT017', '2024-05-28'),
('Cile', 'FMT018', '2024-05-28'),
('Colombia', 'FMT019', '2024-05-28'),
('Cuba', 'FMT020', '2024-05-28'),
('Gibuti', 'FMT021', '2024-05-28'),
('Egitto', 'FMT022', '2024-05-28'),
('Guinea Equatoriale', 'FMT023', '2024-05-28'),
('Estonia', 'FMT024', '2024-05-28'),
('Etiopia', 'FMT025', '2024-05-28'),
('Finlandia', 'FMT026', '2024-05-28'),
('Gabon', 'FMT027', '2024-05-28'),
('Georgia', 'FMT028', '2024-05-28'),
('Ghana', 'FMT029', '2024-05-28'),
('Grenada', 'FMT030', '2024-05-28'),
('Guinea', 'FMT001', '2024-05-28'),
('Guyana', 'FMT002', '2024-05-28'),
('Islanda', 'FMT003', '2024-05-28'),
('Indonesia', 'FMT004', '2024-05-28'),
('Iraq', 'FMT005', '2024-05-28'),
('Israele', 'FMT006', '2024-05-28'),
('Giamaica', 'FMT007', '2024-05-28'),
('Giordania', 'FMT008', '2024-05-28'),
('Kenya', 'FMT009', '2024-05-28'),
('Corea del Nord', 'FMT010', '2024-05-28'),
('Kuwait', 'FMT011', '2024-05-28'),
('Laos', 'FMT012', '2024-05-28'),
('Libano', 'FMT013', '2024-05-28'),
('Liberia', 'FMT014', '2024-05-28'),
('Liechtenstein', 'FMT015', '2024-05-28'),
('Lussemburgo', 'FMT016', '2024-05-28'),
('Malawi', 'FMT017', '2024-05-28'),
('Maldive', 'FMT018', '2024-05-28'),
('Malta', 'FMT019', '2024-05-28'),
('Mauritania', 'FMT020', '2024-05-28'),
('Messico', 'FMT021', '2024-05-28'),
('Moldavia', 'FMT022', '2024-05-28'),
('Mongolia', 'FMT023', '2024-05-28'),
('Marocco', 'FMT024', '2024-05-28'),
('Myanmar', 'FMT025', '2024-05-28'),
('Nauru', 'FMT026', '2024-05-28'),
('Paesi Bassi', 'FMT027', '2024-05-28'),
('Nicaragua', 'FMT028', '2024-05-28'),
('Nigeria', 'FMT029', '2024-05-28'),
('Oman', 'FMT030', '2024-05-28'),
('Palau', 'FMT001', '2024-05-28'),
('Papua Nuova Guinea', 'FMT002', '2024-05-28'),
('Perù', 'FMT003', '2024-05-28'),
('Polonia', 'FMT004', '2024-05-28'),
('Qatar', 'FMT005', '2024-05-28'),
('Russia', 'FMT006', '2024-05-28'),
('Saint Kitts e Nevis', 'FMT007', '2024-05-28'),
('Saint Vincent e Grenadine', 'FMT008', '2024-05-28'),
('San Marino', 'FMT009', '2024-05-28'),
('Arabia Saudita', 'FMT010', '2024-05-28'),
('Serbia', 'FMT011', '2024-05-28'),
('Sierra Leone', 'FMT012', '2024-05-28'),
('Slovacchia', 'FMT013', '2024-05-28'),
('Isole Salomone', 'FMT014', '2024-05-28'),
('Sudafrica', 'FMT015', '2024-05-28'),
('Sudan', 'FMT016', '2024-05-28'),
('Siria', 'FMT017', '2024-05-28'),
('Tajikistan', 'FMT018', '2024-05-28'),
('Thailandia', 'FMT019', '2024-05-28'),
('Togo', 'FMT020', '2024-05-28'),
('Trinidad e Tobago', 'FMT021', '2024-05-28'),
('Tuvalu', 'FMT022', '2024-05-28'),
('Ucraina', 'FMT023', '2024-05-28'),
('Regno Unito', 'FMT024', '2024-05-28'),
('Uruguay', 'FMT025', '2024-05-28'),
('Vanuatu', 'FMT026', '2024-05-28'),
('Venezuela', 'FMT027', '2024-05-28'),
('Yemen', 'FMT028', '2024-05-28'),
('Zimbabwe', 'FMT029', '2024-05-28');

-- Codec
INSERT INTO Codec (FileCodec, Specifiche) VALUES
('H.264', 'Alta compressione, ampiamente usato per lo streaming e la registrazione video'),
('H.265', 'Efficienza di compressione migliorata rispetto a H.264, utilizzato per lo streaming video di alta qualità'),
('VP8', 'Formato di compressione video aperto e gratuito, utilizzato in video WebM'),
('VP9', 'Successore di VP8, aperto e gratuito, utilizzato in WebM e supportato da YouTube'),
('AV1', 'Codec video aperto e gratuito, progettato per una compressione video efficiente, supportato da importanti aziende tecnologiche'),
('MPEG-2', 'Utilizzato per DVD e alcune trasmissioni TV digitali, più datato ma ancora in uso'),
('MPEG-4', 'Include sia la compressione video che audio, ampiamente utilizzato nello streaming e nella distribuzione su internet'),
('Theora', 'Formato di compressione video aperto e gratuito, parte del progetto Ogg'),
('ProRes', 'Codec di alta qualità sviluppato da Apple, utilizzato nel montaggio video professionale e nella produzione'),
('DNxHD', 'Codec video post-produzione ad alta definizione sviluppato da Avid'),
('FLV', 'Utilizzato principalmente per contenuti video Flash, adatto per lo streaming web'),
('WMV', 'Formato di compressione video sviluppato da Microsoft, utilizzato in Windows Media Video'),
('DivX', 'Codec video basato su MPEG-4, noto per la capacità di comprimere segmenti video lunghi in dimensioni ridotte mantenendo un\'alta qualità visiva'),
('Xvid', 'Libreria open-source per codec video MPEG-4, spesso utilizzata come alternativa a DivX'),
('HEVC', 'High Efficiency Video Coding, noto anche come H.265, per formati video ultra ad alta definizione'),
('Sorenson Spark', 'Uno dei primi codec utilizzati per Flash Video sul web'),
('VP6', 'Utilizzato in Flash Video 8 e successivi, offre una migliore qualità rispetto ai suoi predecessori'),
('MJPEG', 'Motion JPEG, una sequenza di immagini JPEG utilizzata in alcune videocamere e applicazioni di editing video'),
('CineForm', 'Codec intermedio professionale per montaggio e post-produzione, noto per la sua alta qualità e bassa perdita di compressione'),
('HuffYUV', 'Un codec video senza perdita per la registrazione e l\'archiviazione di video ad alta qualità'),
('Indeo', 'Codec più vecchio sviluppato inizialmente da Intel, utilizzato in alcune vecchie applicazioni multimediali'),
('RealVideo', 'Un formato video proprietario sviluppato da RealNetworks, utilizzato in RealMedia'),
('AVC-Intra', 'Un codec intra-frame utilizzato da Panasonic per videocamere professionali, parte della famiglia H.264'),
('JPEG 2000', 'Standard avanzato di compressione e sistema di codifica delle immagini, utilizzato nel cinema digitale'),
('CAVS', 'Standard cinese per l\'audio e il video, un insieme di standard per la compressione audio e video'),
('Bink Video', 'Un formato video proprietario per videogiochi e altre applicazioni multimediali'),
('Dirac', 'Un formato di compressione video aperto e gratuito sviluppato dalla BBC'),
('VC-1', 'Una specifica di codec video per la codifica video, originariamente sviluppata come formato video proprietario da Microsoft'),
('VVC', 'Versatile Video Coding, anche noto come H.266, progettato per sostituire H.265/HEVC con una migliore compressione'),
('DV', 'Digital Video, un formato per memorizzare video digitali, comunemente utilizzato in videocamere video consumer e professionali');

-- Aggiornamento
INSERT INTO Aggiornamento (CodiceFormato, Codec, Data_)
SELECT 
    f.Codice AS CodiceFormato,
    c.FileCodec AS Codec,
    '2024-05-28' AS Data_
FROM 
    Formato f
CROSS JOIN 
    Codec c;

-- Specifiche
INSERT INTO Specifiche (Film, CodiceFormato, AggiornamentoFormato, DataRilascio)
VALUES
(12, 'FMT003', '2024-05-28', '2024-05-29'),
(12, 'FMT001', '2024-05-28', '2024-05-29'),
(1, 'FMT001', '2024-05-28', '2024-05-29'),
(2, 'FMT002', '2024-05-28', '2024-05-29'),
(3, 'FMT003', '2024-05-28', '2024-05-29'),
(4, 'FMT004', '2024-05-28', '2024-05-29'),
(5, 'FMT005', '2024-05-28', '2024-05-29'),
(6, 'FMT006', '2024-05-28', '2024-05-29'),
(7, 'FMT007', '2024-05-28', '2024-05-29'),
(8, 'FMT008', '2024-05-28', '2024-05-29'),
(9, 'FMT009', '2024-05-28', '2024-05-29'),
(10, 'FMT010', '2024-05-28', '2024-05-29'),
(11, 'FMT011', '2024-05-28', '2024-05-29'),
(12, 'FMT012', '2024-05-28', '2024-05-29'),
(13, 'FMT013', '2024-05-28', '2024-05-29'),
(14, 'FMT014', '2024-05-28', '2024-05-29'),
(15, 'FMT015', '2024-05-28', '2024-05-29'),
(16, 'FMT016', '2024-05-28', '2024-05-29'),
(17, 'FMT017', '2024-05-28', '2024-05-29'),
(18, 'FMT018', '2024-05-28', '2024-05-29'),
(19, 'FMT019', '2024-05-28', '2024-05-29'),
(20, 'FMT020', '2024-05-28', '2024-05-29'),
(21, 'FMT021', '2024-05-28', '2024-05-29'),
(22, 'FMT022', '2024-05-28', '2024-05-29'),
(23, 'FMT023', '2024-05-28', '2024-05-29'),
(24, 'FMT024', '2024-05-28', '2024-05-29'),
(25, 'FMT025', '2024-05-28', '2024-05-29'),
(26, 'FMT026', '2024-05-28', '2024-05-29'),
(27, 'FMT027', '2024-05-28', '2024-05-29');
